STT,content
0,"HÃ¬nh thá»©c Ä‘áº¹p, cÃ²n nguyÃªn mÃ ng co. Ná»™i dung thÃ¬ cÅ©ng lÃ  vÄƒn phong cá»§a Nguyá»…n Nháº­t Ãnh trÆ°á»›c giá» chá»© khÃ´ng má»›i máº» Ä‘Ã¢u. LÃ  mÃ¬nh thÃ¬ tháº¥y khÃ´ng hay nhÆ° truyá»‡n QuÃ¡n gÃ² Ä‘i lÃªn hay Ná»¯ sinh. MÃ¬nh sÆ°u táº§m vÃ  Ä‘á»c táº¥t cáº£ sÃ¡ch Nguyá»…n Nháº­t Ãnh nÃªn Ä‘Ã¡ng mua láº¯m. Äáº·c biá»‡t cÃ³ vÃ i cÃ¢u thÆ¡ khÃ¡ hay. dáº¥u trang Ä‘áº¹p"
1,"Vá»›i má»—i tÃ¡c pháº©m cá»§a chÃº Nguyá»…n Nháº­t Ãnh mÃ¬nh Ä‘á»u mong chá» sÃ¡ch xuáº¥t báº£n. á» má»—i tÃ¡c pháº©m Ä‘á»u mang má»™t cáº£m xÃºc riÃªng, má»™t giá»ng ká»ƒ riÃªng nhÆ°ng nÃ³ Ä‘á»u cho chÃºng ta tháº¥y Ä‘Ã³ váº«n lÃ  vÄƒn phong cá»§a chÃº chá»‰ khÃ¡c á»Ÿ chá»— phong phÃº hÆ¡n, tuá»³ theo má»i hoÃ n cáº£nh ngá»¯ Ä‘iá»‡u sáº½ khÃ¡c nhau. ChÃº ká»ƒ chuyá»‡n háº¥p dáº«n cÃ³ thá»ƒ dáº«n dáº¯t suy nghÄ© cá»§a con theo tá»«ng cÃ¢u tá»«ng chá»¯ trong Ä‘Ã³."
2,"Tuá»•i thÆ¡ lá»›n lÃªn cÃ¹ng nhá»¯ng cuá»‘n truyá»‡n cá»§a Nguyá»…n Nháº­t Ãnh. ÄÃºng lÃ  sÃ¡ch cá»§a Nguyá»…n Nháº­t Ãnh khÃ´ng chá»‰ dÃ nh cho tráº» con, mÃ  cÃ²n dÃ nh cho nhá»¯ng ai tá»«ng lÃ  tráº» con. Cá»±c kÃ¬ hÃ i lÃ²ng vá» Tiki, giao hÃ ng siÃªu nhanh, mÃ¬nh Ä‘áº·t mua lÃºc 23h30, trÆ°a ngÃ y hÃ´m sau Ä‘Ã£ giao, Ä‘Ã³ng gÃ³i báº£o Ä‘áº£m, cháº¯c cháº¯n."
3,"Truyá»‡n nÃ y cá»§a Nguyá»…n Nháº­t Ãnh khÃ¡c háº³n vá»›i nhá»¯ng truyá»‡n khÃ¡c, cÃ³ láº½ lÃ  vÃ¬ Ä‘Æ°á»£c xuáº¥t báº£n nÄƒm nay chÄƒng? MÃ¬nh váº«n luÃ´n áº¥n tÆ°á»£ng vá»›i cÃ¡ch viáº¿t sÃ¢u sáº¯c vá» nhá»¯ng chuyá»‡n tÃ¬nh giáº£n dá»‹ Ä‘á»i thÆ°á»ng cá»§a bÃ¡c. NhÆ°ng truyá»‡n nÃ y lÃªn má»™t táº§m cao má»›i vÃ¬ cÃ³ má»™t káº¿t thÃºc báº¥t ngá» khÃ¡ Ä‘á»‰nh. Äiá»u mÃ¬nh thÃ­ch nháº¥t lÃ  Nguyá»…n Nháº­t Ãnh viáº¿t truyá»‡n á»Ÿ trong ngÃ´i ká»ƒ cá»§a hai nhÃ¢n váº­t chÃ­nh má»™t cÃ¡ch ráº¥t hoÃ n háº£o, tÃ¡ch biá»‡t hai nhÃ¢n váº­t ra háº³n vá»›i nhau, má»—i ngÆ°á»i má»™t dÃ²ng suy nghÄ©, cho nÃªn khi Ä‘á»c tá»›i báº¥t ngá» kia lÃ m mÃ¬nh vá»¡ Ã²a trong sá»± ngáº¡c nhiÃªn khi nháº­n ra sá»± tháº­t. Má»™t tÃ¡c pháº©m tháº­t sá»± Ä‘Ã¡ng Ä‘á»c! SÃ¡ch cÃ²n siÃªu sang xá»‹n má»‹n ná»¯a chá»©!"
4,"Truyá»‡n viáº¿t nháº¹ nhÃ ng, dÃ­ dá»m. NgÃ´n ngá»¯ trong sáº¡ch, khÃ´ng Ä‘á»™c háº¡i. Phá»¥ huynh an tÃ¢m khi cho con cÃ¡i thÃ nh niÃªn vÃ  vá»‹ thÃ nh niÃªn Ä‘á»c. Tuy nhiÃªn khÃ´ng cÃ³ gÃ¬ Ä‘áº·c sáº¯c vÃ  ráº¥t hiáº¿m yáº¿u tá»‘ báº¥t ngá». Äá»c khÃºc trÆ°á»›c Ä‘Ã£ biáº¿t Ä‘Æ°á»£c khÃºc sau. Káº¿t thÃºc cÃ³ háº­u Ä‘áº¿n khÃ³ tin. PhÃ¹ há»£p Ä‘á»ƒ thÆ° giÃ£n"
5,"Sáº£n pháº©m sÃ¡ch nhÆ° yÃªu cáº§u, bao bá»c cáº©n tháº­n. MÃ¬nh cÃ³ Ã½ kiáº¿n: Tiki khi chuyá»ƒn cho bá»™ pháº­n váº­n chuyá»ƒn giao hÃ ng nÃªn ghi chÃº ká»¹ lÃ  giao Ä‘Ãºng ngÃ y giá» mÃ  khÃ¡ch hÃ ng yÃªu cáº§u hay trÃªn phiáº¿u Ä‘áº·t hÃ ng Tiki háº¹n Ä‘á»ƒ khÃ¡ch hÃ ng sáº¯p xáº¿p nháº­n hÃ ng, vÃ¬ giao khÃ´ng Ä‘Ãºng háº¹n sáº½ khÃ´ng cÃ³ ngá»«oi á»Ÿ nhÃ  nháº­n hÃ ng vÃ  tráº£ tiá»n dÃ¹m"
6,"Äáº§u tiÃªn lÃ  cáº£m Æ¡n cÃ¡c báº¡n á»Ÿ bá»™ pháº­n tiáº¿p nháº­n vÃ  giao hÃ ng, cÃ¡c báº¡n lÃ m viá»‡c nhanh chÃ³ng quÃ¡, tá»‘i thá»© 7 Ä‘áº·t mÃ  trÆ°a chá»§ nháº­t Ä‘Ã£ cÃ³ hÃ ng, cáº£m Ä‘á»™ng háº¿t sá»©c. Thá»© 2 lÃ  Ä‘Ã¡nh giÃ¡ sÃ¡ch, sÃ¡ch hay, giáº¥y Ä‘áº¹p, Ä‘á»c ráº¥t thÃ­ch. Cáº£m Æ¡n Tiki vá» tráº£i nghiá»‡m tuyá»‡t vá»i nÃ y."
7,"Giao hÃ ng siÃªu nhanh luÃ´n, Ä‘áº·t tá»« 10h trÆ°a mÃ  3h chiá»u cÃ¹ng ngÃ y Ä‘Ã£ nháº­n Ä‘Æ°á»£c, tuy chÆ°a má»Ÿ ra Ä‘á»c ( vÃ¬ Ä‘ang muá»‘n giá»¯ cho sÃ¡ch má»›i :((( ) nhÆ°ng cá»±c ká»³ thÃ­ch, Ä‘Æ°á»£c táº·ng 6 thiá»‡p cá»©ng ( thÃ­ch há»£p Ä‘á»ƒ sá»‘ng áº£o ğŸ˜­ğŸ˜­ )."
8,"SÃ¡ch cá»§a bÃ¡c Ãnh thÃ¬ khÃ´ng gÃ¬ pháº£i bÃ n nhiá»u rá»“i. Ná»™i dung vÃ  hÃ¬nh thá»©c ráº¥t cháº¥t lÆ°á»£ng, bÃ¡c nhÆ° rÃ³t vÃ o tá»«ng trang sÃ¡ch nhá»¯ng giá»t bÃ¬nh an vÃ  thanh khiáº¿t nháº¥t, dá»… lÃ m báº¡n Ä‘á»c say nhá»¯ng giáº¥c mÆ¡ ná»“ng."
9,"Truyá»‡n cá»§a nhÃ  vÄƒn Nguyá»…n Nháº­t Ãnh thÃ¬ khÃ´ng cáº§n pháº£i bÃ n cÃ£i vá» cháº¥t lÆ°á»£ng, chá»‰ tá»« Hay Ä‘áº¿n Ráº¥t hay. TÃ´i mua Ä‘Æ°á»£c sÃ¡ch á»Ÿ má»©c giÃ¡ 105K so vá»›i giÃ¡ bÃ¬a 150K. KhÃ´ng thá»ƒ hÃ i lÃ²ng hÆ¡n vá»›i cháº¥t lÆ°á»£ng cá»§a truyá»‡n vÃ  má»©c giÃ¡ nÃ y."
10,"Mua sÃ¡ch ngay 11/11, háº¹n 1 tuáº§n cÃ³ mÃ  má»›i 1 ngÃ y Ä‘Ã£ giao, ráº¥t nhanh(nhÆ°ng cÃ³ thá»ƒ cÃ³ báº¡n khÃ´ng sáº£n xuáº¥t Ä‘Æ°á»£c vÃ¬ háº¹n 1 ngÃ y giao 1 ngÃ y, hÃ¬) . SÃ¡ch Ä‘Ã³ng gÃ³i Ä‘áº¹p, trÃ¬nh bÃ y Ä‘áº¹p. ChÆ°a Ä‘á»c ná»™i dung, nhÆ°ng cÃ³ xem YouTube, nÃªn hy vá»ng sáº½ thÃ­ch"
11,"SÃ¡ch ráº¥t Ä‘áº¹p, giáº¥y tá»‘t, Fahasa giao hÃ ng trong vÃ²ng chÆ°a tá»›i 1 ngÃ y, bao gÃ³i lÃ³t xá»‘p kÄ© cÃ ng. CÃ³ Ä‘iá»u ngÃ y dá»± kiáº¿n giao khi Ä‘áº·t, ngÃ y dá»± kiáº¿n sau giao sau khi tiáº¿p nháº­n Ä‘Æ¡n vÃ  ngÃ y giao thá»±c táº¿ chÃªnh lá»‡ch nhau cáº£ tuáº§n lá»… nÃªn cÅ©ng hÆ¡i khÃ³ chá»‹u vÃ¬ mÃ¬nh muá»‘n chá»§ Ä‘á»™ng sáº¯p xáº¿p ngÃ y á»Ÿ nhÃ  nháº­n hÃ ng (dÃ¹ng tikinow Ä‘á»ƒ chá»§ Ä‘á»™ng quen rá»“i, nÃªn váº«n thÃ­ch mua cÃ¡c nhÃ  cung cáº¥p cÃ³ tikinow hÆ¡n)"
12,"SÃ¡ch Ä‘áº¹p, nháº­n Ä‘Æ°á»£c sÃ¡ch nhanh sau 1 ngÃ y TÃ´i khÃ´ng hÃ i lÃ²ng vá»›i khÃ¢u váº­n chuyá»ƒn. TÃ´i khÃ´ng cáº§n giao nhanh, tÃ´i cáº§n giao Ä‘Ãºng thá»i gian. TÃ´i Ä‘áº·t sÃ¡ch ngÃ y 10/11, ban Ä‘áº§u háº¹n ngÃ y 16/11 giao, sau Ä‘Ã³ Ä‘Ã³ng gÃ³i xong bÃ¡o ngÃ y 18/11 giao trong khi Ä‘Æ¡n Ä‘Ã£ bÃ¡o Ä‘ang váº­n chuyá»ƒn. Tiki bÃ¡o Ä‘Æ¡n nÃ y do fahasha giao, fahasha cáº­p nháº­t. Fahasha bÃ¡o Ä‘Æ¡n nÃ y do tiki dá»± phÃ²ng cáº­p nháº­t láº¡i. TÃ¬nh tráº¡ng Ä‘Æ¡n hÃ ng lÃ  Ä‘á»ƒ khÃ¡ch theo dÃµi chá»© khÃ´ng pháº£i Ä‘á»ƒ trÆ°ng bÃ y. TÃ´i cáº§n thá»i gian chÃ­nh xÃ¡c Ä‘á»ƒ sáº¯p xáº¿p nháº­n hÃ ng chá»© khÃ´ng pháº£i lÃ  khi nÃ o giao váº­n chuyá»ƒn gá»i, anh khÃ´ng nháº­n Ä‘Æ°á»£c thÃ¬ nhá», khÃ´ng nhá» Ä‘Æ°á»£c thÃ¬ háº¹n láº¡i"
13,"Mua tá»« nhÃ  bÃ¡n Fahasa trÃªn Tiki: SÃ¡ch Ä‘áº¹p, Fahasa Ä‘Ã³ng gÃ³i cáº©n tháº­n, cÃ³ chÃ¨n váº­t liá»‡u báº£o vá»‡ sÃ¡ch. giáº£m giÃ¡ 11/11, tÃ´i mua ngay, háº¹n 1 tuáº§n giao sÃ¡ch nhÆ°ng má»›i 1 ngÃ y Ä‘Ã£ cÃ³ hÃ ng. VÃ¬ tÃ´i cÃ³ theo dÃµi NhÃ¢n sá»‘ há»c qua YouTube cá»§a Quá»³nh HÆ°Æ¡ng, nÃªn mua sÃ¡ch Ä‘á»ƒ xem láº¡i cho ká»¹ hÆ¡n. nhÃ¢n viÃªn giao hÃ ng nhiá»‡t tÃ¬nh, dá»… máº¿n. Cáº£m Æ¡n Tiki vÃ  Fahasa."
14,"MÃ¬nh cÃ³ theo dÃµi kÃªnh cá»§a cÃ´ Quá»³nh HÆ°Æ¡ng trÃªn YouTube, tuy nhiÃªn váº«n Ä‘á»£i ngÃ y cÃ´ ra máº¯t cuá»‘n sÃ¡ch nÃ y Ä‘á»ƒ mÃ¬nh cÃ³ thá»ƒ nghiÃªn cá»©u kÄ© cÃ ng hÆ¡n. Tháº­t sá»± lÃ  ráº¥t bá»• Ã­ch vÃ  thÃº vá»‹ khi nháº­n ra cuá»™c Ä‘á»i chÃºng ta xoay quanh nhá»¯ng con sá»‘. cáº£m Æ¡n cÃ´ Quá»³nh HÆ°Æ¡ng vÃ  ekip cá»§a cÃ´ Ä‘Ã£ cho ra Ä‘á»i cuá»‘n sÃ¡ch nÃ y Ä‘á»ƒ má»i ngÆ°á»i biáº¿t nhiá»u hÆ¡n vá» NhÃ¢n sá»‘ há»c!"
15,"Do Ä‘Æ¡n nÃ y tÃ´i Ä‘Ã£ bÃ¡o huá»·, láº§n cuá»‘i cÃ¹ng tÃ´i gá»i Ä‘áº¿n Tá»•ng Ä‘Ã i Ä‘Ã£ xÃ¡c nháº­n vá»›i tÃ´i Ä‘Æ¡n hÃ ng nÃ y Ä‘Ã£ huá»· mÃ  khÃ´ng hiá»ƒu sao chá»«ng vÃ i chá»¥c phÃºt sau láº¡i Ä‘em Ä‘áº¿n giao cho ngá»«oi nhÃ  tÃ´i? TrÆ°á»›c Ä‘Ã³, tÃ´i Ä‘Ã£ gá»i nhiá»u láº§n Ä‘áº¿n Tá»•ng Ä‘Ã i Ä‘á»ƒ pháº£n Ã¡nh lÃ  tÃ´i Ä‘Äƒng kÃ­ mua sÃ¡ch nÃ y nhÆ°ng khÃ´ng tháº¥y cÃ³ chá»— Ä‘Äƒng kÃ­ báº£o vá»‡ sÃ¡ch, do tÃ´i huá»· Ä‘Æ¡n cháº­m nÃªn khÃ´ng huá»· Ä‘Æ°á»£c, tÃ´i Ä‘Æ°á»£c 1 nhÃ¢n viÃªn tá»•ng Ä‘Ã i bÃ¡o tÃ´i nÃªn khÃ´ng nháº­n hÃ ng vÃ  Ä‘Äƒng kÃ­ láº¡i cÃ³ báº£o vá»‡ sÃ¡ch mÃ  khÃ´ng giáº£i thÃ­ch rÃµ lÃ  do tÃ´i Ä‘Äƒng kÃ­ cá»§a Fahasa, khÃ´ng pháº£i cá»§a Tiki nÃªn khÃ´ng cÃ³ báº£o vá»‡ sÃ¡ch? TÃ´i khÃ´ng biáº¿t nÃªn Ä‘Äƒng kÃ­ láº¡i cÅ©ng khÃ´ng cÃ³ báº£o vá»‡ sÃ¡ch. TÃ´i gá»i Ä‘Ãªn tá»•ng Ä‘Ã i láº§n ná»¯a bÃ¡o huá»· Ä‘Æ¡n hÃ ng vÃ  Ä‘Æ°á»£c nhÃ¢n viÃªn bÃ¡o vá»›i tÃ´i lÃ  Ä‘Æ¡n hÃ ng tÃ´i Ä‘Ã£ Ä‘Æ°á»£c bÃ¡o há»§y rá»“i, nhÃ¢n viÃªn Tá»•ng Ä‘Ã i bÃ¡o xÃ¡c nháº­n Ä‘Ã£ há»§y nÃªn tÃ´i Ä‘Ã£ khÃ´ng dáº·n trÆ°á»›c cho ngá»«oi nhÃ  khÃ´ng nháº­n hÃ ng, sau Ä‘Ã³ tÃ´i Ä‘i váº¯ng, chá»«ng 30 phÃºt sau, nhÃ¢n viÃªn giao hÃ ng giao hÃ ng tá»›i, ngá»«oi nhÃ  tÃ´i khÃ´ng biáº¿t nÃªn Ä‘Ã£ nháº­n vÃ  tráº£ tiá»n! SÃ¡ch tÃ´i khÃ´ng cÃ³ báº£o vá»‡ sÃ¡ch nÃªn tÃ´i khÃ´ng hÃ i lÃ²ng!"
16,Giao hÃ ng cá»±c nhanh. 1 ngÃ y lÃ  cÃ³. Mua ngÃ y 11/11 cÃ²n Ä‘Æ°á»£c giáº£m giÃ¡ ráº¥t nhiá»u. ÄÃ³ng gÃ³i cáº©n tháº­n. SÃ¡ch Ä‘áº¹p.
17,"Giao hÃ ng nhanh. ÄÃ³ng gÃ³i cáº©n tháº­n. ÄÃºng lÃ  ngon ráº» Ä‘áº¹p, mÃ¬nh hÃ i lÃ²ng. Ná»™i dung sÃ¡ch thÃ¬ chÆ°a Ä‘á»c nÃªn khÃ´ng nháº­n xÃ©t, mÃ¬nh mua vÃ¬ tÃ² mÃ² muá»‘n xem thá»­ chá»© náº¿u so vá»›i mÃ´n tá»­ vi thÃ¬ cháº¯c khÃ´ng thá»ƒ chi tiáº¿t báº±ng."
18,"sÃ¡ch bÃªn nhÃ  cung cáº¥p Fahsha giao siÃªu nhanh luÃ´n, qua Ä‘áº·t nay cÃ³ liá»n gÃ³i sÃ¡ch báº±ng phong bÃ¬ giáº¥y nhÃ¬n thÃ¢n thiá»‡n mÃ´i trÆ°á»ng"
19,"SÃ¡ch Ä‘áº¹p, theo dÃµi CÃ´ Quá»³nh HÆ°Æ¡ng Ä‘Ã£ lÃ¢u, giá» má»›i sá»Ÿ há»¯u sÃ¡ch NhÃ¢n Sá»‘ Há»c cá»§a CÃ´, Ä‘á»ƒ ngÃ y cÃ ng hiá»ƒu rÃµ hÆ¡n nhá»¯ng con sá»‘ xung quanh ta."
20,MÃ¬nh mua dÃ¹m 1 báº¡n ná»¯ tháº¥t tÃ¬nh. Báº¡n Ä‘Ã³ tÃªn lÃ  Thanh Äa. Báº¡n Ä‘Ã³ nÃ³i mua sÃ¡ch Ä‘á»ƒ bá»›t buá»“n nhÆ°ng mÃ  sau khi sá»­ dá»¥ng sÃ¡ch thÃ¬ tháº¥y ráº¥t Ã¡p lá»±c. Bá»©c hÃ¬nh báº¡n áº¥y tÃ´ lÃ  nÃ³i lÃªn tÆ°Æ¡ng lai 2 ngÆ°á»i cÃ¹ng nhau cá»‘ gáº¯ng nhÆ°ng Ä‘Ã£ chia tay. Giá» báº¡n áº¥y vá»«a uá»‘ng bia vá»«a tÃ´ mÃ u
21,"SÃ¡ch cá»§a anh Kulzsc cá»±c kÃ¬ nÃªn mua luÃ´n áº¡! CÃ¡c bá»©c tranh trong Ä‘Ã¢y siÃªu Ä‘Ã¡ng yÃªu, giáº¥y in thÃ¬ dÃ y dáº·n cÃ³ thá»ƒ tÃ´ Ä‘Æ°á»£c cáº£ mÃ u nÆ°á»›c. MÃ  mÃ¬nh cÃ²n sÄƒn Ä‘Æ°á»£c báº£n Ä‘áº·c biá»‡t nÃªn lÃ  ráº¥t ráº¥t Æ°ng luÃ´n. Cá»±c ká»³ khuyáº¿n khÃ­ch má»i ngÆ°á»i mua cuá»‘n sÃ¡ch nÃ y luÃ´n Ã¡!!!"
22,"SÃ¡ch giao hÆ¡i cháº­m, Ä‘Ã³ng gÃ³i khÃ´ng cháº¯c cháº¯n mÃ¬nh khÃ´ng biáº¿t do quÃ¡ trÃ¬nh váº­n chuyá»ƒn hay sÃ¡ch Ä‘Ã£ bá»‹ quÄƒn náº¿p gáº¥p á»Ÿ 2 Ä‘áº§u nhÆ° váº­y trÆ°á»›c. Vá» sáº£n pháº©m mÃ¬nh khÃ¡ thÃ­ch tÃ´ mÃ u vÃ  váº½, sÃ¡ch nÃ y giÃºp mÃ¬nh cáº£m tháº¥y nhÆ° Ä‘Æ°á»£c tÃ¬m vá» vá»›i niá»m Ä‘am mÃª há»“i áº¥y :)) Cá»© má»—i trang má»Ÿ ra lÃ  1 trang tÃ´ mÃ u vÃ  1 trÃ­ch dáº«n nhá»."
23,"xinh xá»‰u luÃ´n áº¥y, vá»«a Ä‘áº·t bá»¯a thá»© 5 mÃ  thá»© 6 Ä‘Ã£ cÃ³ rá»“i, tÆ°á»Ÿng khÃ´ng xinh nhÆ°ng xinh khÃ´ng tÆ°á»Ÿng luÃ´n áº¡, máº¥y Ä‘á»©a báº¡n nhÃ¬n xinh quÃ¡ nÃªn nÃ³ nhá» Ä‘áº·t há»™ tá»›i 8-9 quyá»ƒn ná»¯aaa, hi vá»ng sau nÃ y anh Kulzc sáº½ cÃ³ thÃªm nhiá»u quyá»ƒn sÃ¡ch nhÆ° nÃ y ná»¯aa, tháº­t sá»± lÃºc tÃ´ cáº£m tháº¥y ráº¥t bÃ¬nh yÃªn, tháº¥y cuá»™c sá»‘ng Ä‘áº¹p hÆ¡n nhiá»u luÃ´n áº¥y ğŸ’™"
24,"Cá»‘ tÃ¬nh chá»n cá»§a Tiki  Ä‘áº·t Ä‘á»ƒ sá»­ dá»¥ng báº£o vá»‡ sÃ¡ch mÃ  cuá»‘i cÃ¹ng giao sÃ¡ch thÃ´ khÃ´ng há» Ä‘Æ°á»£c bao bá»c gÃ¬. SÃ¡ch bá»‹ tÆ°a tÆ°a chá»— cÃ¡c cáº¡nh sÃ¡ch, bÃ¬a bá»‹ dÃ­nh dÆ¡. Chá» hÆ¡n cáº£ tuáº§n Ä‘á»ƒ nháº­n sÃ¡ch mÃ  láº¡i nháº­n vá» Ä‘Æ°á»£c sá»± á»©c cháº¿. QuÃ¡ tháº¥t vá»ng vá»›i tiki!!!"
25,HÃ ng giao nhanh má»›i hÃ´m qua bÃ¡o mÃ  nay ra Ä‘Ã£ nháº­n Ä‘Æ°á»£c rá»“i nhÆ°ng váº«n hÆ¡i tháº¥t vá»ng vÃ¬ cÃ¡c pháº§n gÃ¡y sÃ¡ch vÃ  Ä‘áº§u trang bá»‹ cong ğŸ˜¢ ná»™i dung trong sÃ¡ch váº«n nguyÃªn váº¹n vÃ  vÃ´ cÃ¹ng Ä‘Ã¡ng yÃªu tá»›i tá»« anh kulzsc nÃªn mÃ¬nh váº«n Ä‘Ã¡ng giÃ¡ 5* nhaaaaaa
26,HÃ¬nh váº½ dá»… thÆ°Æ¡ng láº¯m luÃ´n. Tuy nhiÃªn khi tÃ´ thÃ¬ máº·t sau bá»‹ lem nhÆ°ng khÃ´ng lem qua trang sau. NÃªn cÅ©ng yÃªn tÃ¢m chÃºt. MÃ¬nh xÃ i touchlit nÃªn váº­y Ã¡. BÃºt dáº¡ bÃ¬nh thÆ°á»ng cá»§a con nÃ­t thÃ¬ khÃ´ng lem láº¯m Ä‘Ã¢u nhÆ°ng mÃ  sáº½ bá»‹ trÃ³c giáº¥y 1 xÃ­u náº¿u tÃ´ nhiá»u lá»›p. MÃ¬nh má»›i há»c thÃ´i nÃªn tÃ´ cÃ²n xáº¥u ğŸ˜‚
27,"Tiki giao hÃ ng nhanh láº¯m, nhÃ¢n viÃªn giao hÃ ng cÅ©ng nhiá»‡t tÃ¬nh ná»¯a! SÃ¡ch thÃ¬ xinh khá»i bÃ n luÃ´n, giáº¥y dÃ y, nhÆ°ng sÃ¡ch cÃ³ chá»— hÆ¡i báº©n má»™t tÃ­ áº¡. SÃ¡ch tÃ´ ráº¥t dá»… vá»›i hÃ¬nh nhÃ¬n yÃªu ná»¯a... Má»™t buá»•i chiá»u ngá»“i nhÃ¢m nhi cÃ  phÃª vÃ  tÃ´ mÃ u thÃ¬ tuyá»‡t vá»i luÃ´n áº¥y!!! MÃ¬nh mua Ä‘Ãºng lÃºc giáº£m giÃ¡ áº¥y nÃªn ráº» kinh khá»§ng. nÃ³i chung lÃ  nÃªn mua nha cáº£ nhÃ !!!!"
28,"SÃ¡ch cá»§a tháº§n tÆ°á»£ng thÃ¬ khÃ´ng cÃ³ gÃ¬ pháº£i bÃ n tÃ¡n thÃªm rá»“i. NhÆ°ng Tiki láº§n nÃ y khiáº¿n mÃ¬nh tháº¥t vá»ng. ÄÆ¡n hÃ ng nÃ y mÃ¬nh Ä‘áº·t 2 quyá»ƒn vá»›i 2 bá»c sÃ¡ch. BÃªn tiki trá»« 2 trong sá»‘ bá»c sÃ¡ch Ä‘ang cÃ³ cá»§a mÃ¬nh rá»“i mÃ  chá»‰ bá»c 1 quyá»ƒn, 1 quyá»ƒn khÃ´ng bá»c. MÃ¬nh muá»‘n giá»¯ gÃ¬n quyá»ƒn sÃ¡ch cáº©n tháº­n thÃ¬ má»›i mua gÃ³i báº£o vá»‡ sÃ¡ch chá»© áº¡??? nhÃ¢n viÃªn giao hÃ ng thÃ¬ há»‘i khÃ¡ch trong khi mÃ¬nh chá»‰ Ä‘i tá»« táº§ng 2 chung cÆ° xuá»‘ng sáº£nh. ÄÃ³ng gÃ³i cÅ©ng lá»ng láº½o chá»‰ cÃ³ quyá»ƒn sÃ¡ch trong há»™p khÃ¡ rá»™ng, ráº¥t may sÃ¡ch mÃ¬nh khÃ´ng bá»‹ quÄƒn gÃ³c nhÆ° cÃ¡c báº¡n khÃ¡c. ÄÃ¡nh giÃ¡ 5 sao cho sÃ¡ch chá»© Tiki láº§n nÃ y chÃ¬ 1 sao thÃ´i áº¡."
29,"SÃ¡ch dÃ y, siÃªu dá»… thÆ°Æ¡ng, cÃ³ thá»ƒ tÃ´ báº±ng cÃ¡c loáº¡i mÃ u nÆ°á»›c nhÆ° crayola supertips hay mildliner nÃ¨. LÃºc giao thÃ¬ Tiki khÃ´ng cÃ³ lá»›p chá»‘ng xÃ³c nÃªn bÃ¬a cÅ©ng khÃ´ng Ä‘Æ°á»£c vuÃ´ng vá»©c 100% nhÆ°ng cÅ©ng á»•n, giÃ¡ láº¡i ráº» nÃªn cá»±c kÃ¬ hÃ i lÃ²ng"
30,"4* cho cháº¥t lÆ°á»£ng giáº¥y, Ä‘Ã¢y cÃ³ thá»ƒ lÃ  cuá»‘n sÃ¡ch vá»›i giáº¥y cháº¥t lÆ°á»£ng nháº¥t tÃ´i tá»«ng mua, trong sÃ¡ch cÃ³ nhiá»u trang Ä‘Æ°á»£c in mÃ u, cÃ¡c trang cuá»‘i cÃ³ hÃ¬nh vÃ  nhÆ°ng cÃ¢u tÃ³m táº¯t cÃ´ Ä‘á»ng. Ná»™i dung thÃ¬ 3* vÃ¬ chÆ°a há»£p vá»›i tÃ´i láº¯m, hoáº·c khÃ´ng nhÆ° tÃ´i ká»³ vá»ng, cÃ³ láº½ tÃ´i Ã­t Ä‘á»c sÃ¡ch thá»ƒ loáº¡i nÃ y, vÃ  do tÃ´i lÃ  ngÆ°á»i khÃ´ng theo tÃ´n giÃ¡o, mÃ  tin vÃ o khoa há»c nÃªn nhá»¯ng cÃ¢u chuyá»‡n hay cÃ¡ch giáº£i thÃ­ch trong nÃ y chÆ°a mang tÃ­nh thuyáº¿t phá»¥c, NhÆ°ng náº¿u cÃ³ xu hÆ°á»›ng vá» tÃ¢m linh cáº§n cÃ³ cÃ¡i nhÃ¬n vá» lÄ©nh vá»±c nÃ y má»™t cÃ¡ch khÃ¡ch quan thÃ¬ nÃªn mua, Ä‘Ã¢y khÃ´ng pháº£i lÃ  cuá»‘n sÃ¡ch hoÃ n toÃ n nÃ³i vá» tÃ¢m linh mÃ  váº«n lá»“ng ghÃ©p báº±ng chá»©ng khoa há»c trong Ä‘Ã³. ""KhÃ´ng cÃ³ viá»‡c gÃ¬ xáº£y ra do tÃ¬nh cÆ¡ hay do Ä‘á»‹nh má»‡nh. ChÃºng ta táº¡o ra sá»‘ pháº­n báº±ng nhá»¯ng hÃ nh Ä‘á»™ng cá»§a chÃ­nh mÃ¬nh. ÄÃ³ lÃ  quy luáº­t cá»§a VÅ© trá»¥"" ""NhÃ¢n quáº£ Ä‘á»«ng Ä‘á»ƒ tháº¥y má»›i tin, nhÃ¢n quáº£ lÃ  báº£n chá»‰ Ä‘Æ°á»ng, hÆ°á»›ng con ngÆ°á»i vá» thiá»‡n lÆ°Æ¡ng"""
31,"Tuyá»‡t vá»i , BÃ¬a Ä‘áº¹p nhÆ°ng gá»‘c sÃ¡ch bá»‹ tráº§y xÆ°á»›c do lÃºc váº­n chuyá»ƒn , TÃ´i biáº¿t Ä‘áº¿n bÃ¡c NguyÃªn Phong qua HÃ nh trÃ¬nh vá» PhÆ°Æ¡ng ÄÃ´ng & Dáº¥u ChÃ¢n TrÃªn CÃ¡t .v.v . Khi nghe TÃ¡c pháº©m nÃ y má»›i phÃ¡t hÃ nh thÃ¬ tÃ´i mua ngay ğŸ˜€ ChÃ¢n thÃ nh cáº£m Æ¡n giÃ¡m Ä‘á»‘c Ä‘iá»u hÃ nh Nguyá»…n VÄƒn PhÆ°á»›c Ä‘Ã£ táº¡o Ä‘iá»u kiá»‡n cho tÃ¡c pháº©m Ä‘áº¿n báº¡n Ä‘á»c Viá»‡t Nam . â¤ï¸ Xin Tri Ã¢n BÃ¡c NguyÃªn Phong ngÆ°á»i Ä‘Ã£ dÃ nh thá»i gian cÃ´ng sá»©c Ä‘em láº¡i nhá»¯ng Minh triáº¿t cá»‘ng hiáº¿n cho Báº¡n Ä‘á»c Viá»‡t Nam . "" NhÃ¢n Quáº£ Ä‘á»«ng Ä‘á»£i tháº¥y má»›i tin ...."""
32,"SÃ¡ch Ä‘Æ°á»£c in mÃ u trÃªn giáº¥y cÃ³ cháº¥t lÆ°á»£ng cao cáº¥p nÃªn sá» ráº¥t thÃ­ch. Tuy nhiÃªn, cuá»‘n cá»§a mÃ¬nh cá»§a vÃ i trang in bá»‹ nhÃ²e, lem má»±c chÃºt xÃ­u nhÆ° hÃ¬nh Ä‘Ã­nh kÃ¨m áº¡. Má»™t cuá»‘n sÃ¡ch vá» tÃ´n giÃ¡o. MÃ¬nh khÃ´ng bÃ n vá» tÃ´n giÃ¡o trong cuá»‘n sÃ¡ch vÃ¬ lÃ  quyá»n cá»§a má»—i ngÆ°á»i. Má»™t cuá»‘n sÃ¡ch vá»›i mÃ¬nh khÃ¡ hay. MÃ¬nh Ä‘Ã£ pháº£i ngáº¡c nhiÃªn trÆ°á»›c kho kiáº¿n thá»©c khá»•ng lá»“ vÃ  chi tiáº¿t cÃ³ trong sÃ¡ch. Äáº·c biá»‡t lÃ  kiáº¿n thá»©c vá» sá»± phÃ¡t triá»ƒn cá»§a Ai Cáº­p máº¥y nghÃ¬n nÄƒm vá» trÆ°á»›c. Cuá»‘n sÃ¡ch nhÆ° tÃ¡c giáº£ nÃ³i lÃ  cÃ¢u chuyá»‡n cÃ³ tháº­t ká»ƒ vá» viá»‡c báº¡n cá»§a Ã´ng Ä‘Ã£ tráº£i qua má»™t sá»± kiá»‡n láº¡ lÃ¹ng Ä‘Ã³ lÃ  nhá»› láº¡i vÃ  Ä‘Æ°á»£c tráº£i nghiá»‡m cÃ¡c kiáº¿p sá»‘ng trÆ°á»›c Ä‘Ã¢y cá»§a mÃ¬nh. MÃ¬nh khÃ´ng cháº¯c cÃ¢u chuyá»‡n nÃ y cÃ³ tháº­t hay khÃ´ng nhÆ°ng mÃ¬nh ráº¥t ná»ƒ cÃ¡ch dáº«n dáº¯t cá»§a tÃ¡c giáº£. Máº·c dÃ¹ lÃ  sÃ¡ch vá» tÃ´n giÃ¡o, tÃ¢m linh nhÆ°ng tÃ¡c giáº£ Ä‘Ã£ dÃ¹ng tá»« ngá»¯ ráº¥t dá»… hiá»ƒu. LÃ m mÃ¬nh ráº¥t há»©ng thÃº má»—i khi Ä‘á»c. Ráº¥t cáº£m Æ¡n tÃ¡c giáº£ Ä‘Ã£ viáº¿t ra cuá»‘n sÃ¡ch hay vÃ  Ã½ nghÄ©a nhÆ° váº­y. Má»™t cÃ¢u mÃ¬nh ráº¥t thÃ­ch lÃ  ""NhÃ¢n quáº£ Ä‘á»«ng Ä‘á»£i tháº¥y má»›i tin"". Cáº£m Æ¡n Tiki!"
33,"PhÃºc cho ai Ä‘á»c Ä‘Æ°á»£c sÃ¡ch do giÃ¡o sÆ° NguyÃªn Phong viáº¿t Cáº£ bá»™ 3 cuá»‘n nÃ y lÃ  tÃ¡c pháº©m lÃ m báº£n thÃ¢n mÃ¬nh tá»‰nh thá»©c , biáº¿t cÃ¡ch sá»‘ng cho nghiÃªm tÃºc hÆ¡n . SÃ¡ch Ä‘Æ°a ra nhá»¯ng chá»©ng cá»© cho tháº¥y nhÃ¢n quáº£ lÃ  do nghiá»‡p sá»‘ , mÃ  nghiá»‡p sá»‘ lÃ  con ngÆ°á»i ta tá»± táº¡o ra trong muÃ´n váº¡n kiáº¿p cháº¥t chá»“ng , má»—i láº§n Ä‘áº¿n tháº¿ gian lÃ  Ä‘á»ƒ há»c há»i vÃ  tiáº¿n hoÃ¡ . khi ta hiá»ƒu ra Ä‘iá»u Ä‘Ã³ tá»« táº­n sÃ¢u trong tÃ¢m mÃ¬nh cÅ©ng lÃ  lÃºc ta sá»‘ng trong táº§n nháº­n thá»©c má»›i , báº¯t Ä‘Æ°á»£c táº§n sá»‘ rung Ä‘á»™ng má»›i ."
34,"Ä‘oáº¡n nhÃ¢n váº­t chÃ­nh gÃ¢y nghiá»‡p Ã¡c nÃªn Ä‘áº§u thai thÃ nh hÃ ng triá»‡u con cÃ´n trÃ¹ng lÃ m mÃ¬nh báº­t cÆ°á»i, nhÆ°ng dÃ¹ sao Ä‘Ã¢y cÅ©ng lÃ  1 lÃ½ thuyáº¿t Ä‘Ã¡ng chÃº Ã½. MÃ¬nh chá»¥p má»¥c lá»¥c vÃ  vÃ i trang Ä‘áº§u cho cÃ¡c báº¡n nÃ o cáº§n vÃ¬ tiki chÆ°a cÃ³ pháº§n nÃ y"
35,"Cuá»‘n nÃ y mÃ¬nh Ä‘Æ°á»£c táº·ng khi mua Ä‘Æ¡n hÃ ng trÃªn 500k á»Ÿ tiki vÃ o ngÃ y 31/10. SÃ¡ch Ä‘áº¹p, khÃ´ng Ä‘Æ°á»£c bá»c nhÆ°ng khÃ´ng bá»‹ cong. cÃ³ dáº¥u trang Ä‘i kÃ¨m. giao hÃ ng nhanh chá»‰ sau 3h Ä‘áº·t hÃ ng. Vá» ná»™i dung thÃ¬ mÃ¬nh chÆ°a Ä‘á»c, nhÆ°ng nÃ³ thuá»™c danh má»¥c Ä‘Æ°á»£c quÃ¡ trá»i báº¡n tÃ³m táº¯t nÃªn mÃ¬nh nghÄ© Ä‘Ã¢y 1 cuá»‘n sÃ¡ch Ä‘Ã¡ng Ä‘á»ƒ mua vÃ o bá»™ sÆ°u táº­p sÃ¡ch cá»§a cÃ¡c báº¡n Ä‘Ã³ ^^"
36,"ÄÃ¢y lÃ  má»™t quyá»ƒn sÃ¡ch mÃ  ai cÅ©ng nÃªn Ä‘á»c, Ä‘á»c Ä‘á»ƒ hiá»ƒu quy luáº­t luÃ¢n há»“i vÃ  bÃ i há»c nhÃ¢n sinh. Hiá»ƒu ra Ä‘Æ°á»£c nhiá»u Ä‘iá»u vÃ  Ã¡p dá»¥ng cho biáº¿n chuyá»ƒn trong Ä‘á»i sá»‘ng ngÃ y hÃ´m nay. Tiki giao hÃ ng nhanh, giÃ¡ ráº» hÆ¡n thá»‹ trÆ°á»ng, hÆ¡n ná»¯a mÃ¬nh cÅ©ng sá»­ dá»¥ng báº£o vá»‡ sÃ¡ch nÃªn quyá»ƒn sÃ¡ch mÃ¬nh nháº­n Ä‘Æ°á»£c Ä‘áº¹p tá»« hÃ¬nh thá»©c ra ná»™i dung. 10Ä‘ cho quyá»ƒn sÃ¡ch nÃ y vÃ  tiki"
37,"Quyá»ƒn sÃ¡ch hay nháº¥t sau HÃ nh trÃ¬nh vá» phÆ°Æ¡ng ÄÃ´ng á»Ÿ khÃ­a cáº¡nh cuá»™c sá»‘ng, Ã½ nghÄ©a cuá»™c Ä‘á»i, Ä‘an xen bÃ­ áº©n vÃ  hÃ nh trÃ¬nh gÃ¢y kinh ngáº¡c qua cÃ¡c kiáº¿p sá»‘ng. Tuy nhiÃªn, cÃ³ láº½ bÃ¡c NguyÃªn Phong khÃ´ng viáº¿t truyá»‡n Ä‘á»ƒ dá»±ng thÃ nh phim, nÃªn hÆ¡i há»¥t háº«ng vá»›i viá»‡c cÃ¢u chuyá»‡n vá» Pharaoh - hoÃ ng háº­u vÃ  cÃ´ con gÃ¡i vá»‹ y sÄ©, Ä‘Ã£ káº¿t thÃºc chÃ³ng vÃ¡nh cho lá»i ká»ƒ cá»§a Ã´ng Kris. KhÃ´ng biáº¿t bÃ¡c NguyÃªn Phong cÃ³ Ä‘á»‹nh cÃ³ thÃªm 1 cuá»‘n gá»i lÃ  pháº§n II cho MuÃ´n kiáº¿p nhÃ¢n sinh chÄƒng ? Má»™t quyá»ƒn sÃ¡ch xuáº¥t sáº¯c mÃ  mÃ¬nh khuyÃªn má»i ngÆ°á»i nÃªn Ä‘á»c 1 láº§n trong Ä‘á»i, cÃ³ lá»£i cho sá»± phÃ¡t triá»ƒn tinh tháº§n cá»§a cÃ¡c báº¡n, vÃ  náº¿u cÃ¡c báº¡n tin tÆ°á»Ÿng luÃ¢n há»“i, biáº¿t Ä‘Ã¢u sáº½ vÃ´ cÃ¹ng cÃ³ lá»£i cho hÃ nh trÃ¬nh tÃ¢m linh vá» sau cá»§a cÃ¡c báº¡n."
38,"Gáº­p cuá»‘n sÃ¡ch láº¡i vá»›i má»™t niá»m xÃºc Ä‘á»™ng vÃ´ bá». DÃ²ng chá»¯: â€œTÃ´i quyáº¿t Ä‘á»‹nh viáº¿t cuá»‘n sÃ¡ch nÃ y báº±ng tiáº¿ng Viá»‡t - ngÃ´n ngá»¯ Ä‘á»“ng bÃ o, Ä‘áº¥t nÆ°á»›c thÃ¢n thÆ°Æ¡ng trong trÃ¡i tim tÃ´iâ€ cá»§a bÃ¡c NguyÃªn Phong khiáº¿n mÃ¬nh tá»± hÃ o ghÃª gá»›m. SÃ¡ch cá»§a bÃ¡c chÆ°a bao giá» lÃ m mÃ¬nh tháº¥t vá»ng, cuá»‘n nÃ o cÅ©ng Ä‘áº§y sá»± minh triáº¿t, trÃ­ tuá»‡ dáº¡t dÃ o. â€œMuÃ´n kiáº¿p nhÃ¢n sinhâ€ xuáº¥t báº£n tháº­t Ä‘Ãºng thá»i Ä‘iá»ƒm. NÃ³ nhÆ° cÆ¡n mÆ°a rÃ o trong náº¯ng háº¡n, giÃºp giáº£i tá»a cÆ¡n khÃ¡t cho nhá»¯ng ai cÃ²n Ä‘ang trÃ´i lÄƒn, láº·n ngá»¥p trong vÃ²ng xoÃ¡y há»—n loáº¡n cá»§a tiá»n tÃ i vÃ  danh vá»ng mÃ  chÆ°a tÃ¬m ra má»¥c Ä‘Ã­ch lá»›n lao nháº¥t cá»§a cuá»™c Ä‘á»i mÃ¬nh lÃ  gÃ¬. â€œNhÃ¢n quáº£ Ä‘á»«ng Ä‘á»ƒ tháº¥y má»›i tin. NhÃ¢n quáº£ lÃ  báº£ng chá»‰ Ä‘Æ°á»ng, hÆ°á»›ng con ngÆ°á»i vá» thiá»‡n lÆ°Æ¡ngâ€ ÄÃ¢y thá»±c sá»± lÃ  cuá»‘n sÃ¡ch Ä‘Ã¡ng hiá»‡n diá»‡n má»™t cÃ¡ch trang trá»ng trÃªn ká»‡ sÃ¡ch cá»§a má»—i gia Ä‘Ã¬nh."
39,"KhoÌ‚ng ngaÌ£i thaÌ†Ì‰ng thaÌ†Ìn, Ä‘aÌ‚y laÌ€ chuÌ‰ Ä‘eÌ‚Ì€ gaÌ‚y nhieÌ‚Ì€u tranh caÌƒi: tieÌ‚Ì€n kieÌ‚Ìp vaÌ€ luaÌ‚n hoÌ‚Ì€i. Ngay khi nhiÌ€n thaÌ‚Ìy tieÌ‚u Ä‘eÌ‚Ì€ cuoÌ‚Ìn saÌch, xem qua noÌ£Ì‚i dung, miÌ€nh Ä‘aÌƒ coÌ chuÌt suy nghiÌƒ hoÌ›i khoÌ‚ng thoaÌ‰i maÌi. CoÌ Ä‘ieÌ‚Ì€u, khi bieÌ‚Ìt cucÃ´ng viá»‡c sáº¯p háº¿t háº¡noÌ‚Ìn saÌch Ä‘uÌ›oÌ›Ì£c vieÌ‚Ìt boÌ›Ì‰i moÌ£Ì‚t nhaÌ€ khoa hoÌ£c maÌy tiÌnh, miÌ€nh Ä‘aÌƒ mua luoÌ‚n maÌ€ khoÌ‚ng nghiÌƒ theÌ‚m. MaÌ£Ì†c duÌ€ vaÌ£Ì‚y nhuÌ›ng tuÌ›Ì€ nguÌ›Ìƒ raÌ‚Ìt deÌ‚Ìƒ hieÌ‚Ì‰u, khoÌ‚ng naÌ£Ì†ng tiÌnh chuyeÌ‚n moÌ‚n, vaÌ†n phong Ä‘i vaÌ€o loÌ€ng nguÌ›oÌ›Ì€i, nhuÌ›Ìƒng yeÌ‚Ìu toÌ‚Ì then choÌ‚Ìt trong caÌ‚u chuyeÌ£Ì‚n cuÌ‰a baÌc, miÌ€nh coÌ theÌ‚Ì‰ hieÌ‚Ì‰u Ä‘uÌ›oÌ›Ì£c luoÌ‚n, raÌ‚Ìt Ä‘oÌ›n giaÌ‰n nhuÌ›ng cuÌƒng thaÌ‚m saÌ‚u. BaÌc keÌ‚Ì‰ moÌ£Ì‚t caÌ‚u chuyeÌ£Ì‚n laÌ€m miÌ€nh Ä‘uÌ›Ì Ä‘uÌ›Ì€ Ä‘oÌ£c suoÌ‚Ìt 2 tieÌ‚Ìng khoÌ‚ng boÌ‰ xuoÌ‚Ìng Ä‘uÌ›oÌ›Ì£c Ä‘eÌ‚Ì‰ maÌ€ chaÌ£y cÃ´ng viá»‡c sáº¯p háº¿t háº¡n. MiÌ€nh khoÌ‚ng tin vaÌ€o nhuÌ›Ìƒng giaÌo Ä‘ieÌ‚Ì€u thieÌ‚Ìu caÌ†n cuÌ›Ì. MiÌ€nh tin vaÌ€o Khoa hoÌ£c. VaÌ€ tin vaÌ€o caÌc quy luaÌ£Ì‚t vuÌƒ truÌ£, caÌc naÌ†ng luÌ›oÌ›Ì£ng vaÌ£Ì‚t lyÌ. XuÌ›a nay Ä‘aÌƒ thaÌ†Ìc maÌ†Ìc veÌ‚Ì€ duyeÌ‚n noÌ›Ì£ (taÌ‚m linh) coÌ theÌ‚Ì‰ lieÌ‚n quan toÌ›Ìi vaÌ£Ì‚t lyÌ (khoa hoÌ£c). CaÌ‰m oÌ›n baÌc Phong viÌ€ caÌi nhiÌ€n veÌ‚Ì€ nhaÌ‚n sinh qua caÌc lyÌ thuyeÌ‚Ìt khoa hoÌ£c tinh teÌ‚Ì. â€œCon nguÌ›oÌ›Ì€i cheÌ‚Ìt Ä‘i roÌ‚Ì€i taÌi sinh trong nhieÌ‚Ì€u kieÌ‚Ìp soÌ‚Ìng, caÌ†n cuÌ›Ì theo nhuÌ›Ìƒng yeÌ‚Ìu toÌ‚Ì maÌ€ chiÌnh hoÌ£ gaÌ‚y raâ€. LuaÌ£Ì‚t NhaÌ‚n quaÌ‰ gioÌ‚Ìng moÌ£Ì‚t Ä‘iÌ£nh luaÌ£Ì‚t vaÌ£Ì‚t lyÌ hoÌ›n. KhoÌ‚ng mong thay Ä‘oÌ‚Ì‰i quan Ä‘ieÌ‚Ì‰m cuÌ‰a baÌ£n. ChiÌ‰ mong baÌ£n coÌ theÌ‚Ì‰ Ä‘oÌ£c cuoÌ‚Ìn saÌch, suy ngaÌ‚Ìƒm chuÌt veÌ‚Ì€ baÌ‰n thaÌ‚n, veÌ‚Ì€ con nguÌ›oÌ›Ì€i, veÌ‚Ì€ xaÌƒ hoÌ£Ì‚i. ViÌ€ chiÌ‰ coÌ traÌ‰i nghieÌ£Ì‚m moÌ›Ìi gyÃªuÌp baÌ£n tin. â€œÄoÌ›Ì€i soÌ‚Ìng coÌ yÌ nghiÌƒa giÌ€ neÌ‚Ìu chiÌ‰ coÌ 1 Ä‘oÌ›Ì€i soÌ‚Ìng duy nhaÌ‚Ìt vaÌ€ cheÌ‚Ìt laÌ€ heÌ‚Ìt?â€"
40,"MÃ¬nh khÃ´ng bÃ n vá» ná»™i dung á»Ÿ Ä‘Ã¢y vÃ¬ mÃ¬nh chÆ°a Ä‘á»c. Tháº­t sá»± lÃ  khÃ´ng Ä‘á»c ná»•i khi mÃ  sÃ¡ch bá»‹ lá»—i, rÃ¡ch vÃ  cÃ´ng Ä‘áº·c biá»‡t cháº¥t liá»‡u giáº¥y ráº¥t tá»‡. MÃ¬nh nghÄ© chá»‰ cáº§n láº­t Ä‘i láº­t láº¡i vÃ i láº§n lÃ  sÃ¡ch nÃ¡t rÃ¡ch bÆ°Æ¡m luÃ´n. MÃ¬nh mong tiki kháº¯c phá»¥c nhá»¯ng lá»—i á»Ÿ trÃªn vÃ  giáº£i quyáº¿t Ä‘á»•i sÃ¡ch khÃ¡c cho mÃ¬nh. MÃ¬nh xin chÃ¢n thÃ nh cáº£m Æ¡n."
41,"Vá» ná»™i dung sÃ¡ch khÃ¡ á»•n tuy nhiÃªn suy nghÄ© hÆ¡i hÆ°á»›ng hiá»‡n Ä‘áº¡i, khÃ´ng phÃ¹ há»£p vá»›i cÃ¡c báº¡n cÃ³ suy nghÄ© Ã ÄÃ´ng vÃ  truyá»n thá»‘ng, vÃ  cÅ©ng cÃ³ hÃ i hÆ°á»›c 1 chÃºt gáº§n giá»‘ng Tháº¥t tÃ¬nh khÃ´ng sao. Vá» váº» ngoÃ i sÃ¡ch bá»‘ cá»¥c hÆ¡i dÃ y chá»¯ :) Cháº¥m 7/10 Ä‘iá»ƒm hihi"
42,"sÃ¡ch vá» nhanh nhÆ°ng hÆ¡i buá»“n 1 tÃ­ vÃ¬ bá»‹ rÃ¡ch bÃ¬a 1 tÃ­ á»Ÿ bÃ¬a sau, vá»›i khÃ´ng cÃ³ chá»¯ kÃ½ cá»§a tÃ¡c giáº£ huhu. TÃ³m láº¡i lÃ  sÃ¡ch cháº¥t lÆ°á»£ng giao hÃ ng nhanh chÃ³ng. cáº£m Æ¡n tiki"
43,"MÃ¬nh theo chÃ¢n nhá»¯ng cuá»‘n cá»§a anh Tháº¡ch lÃ¢u rá»“i. NÃ³ khÃ´ng pháº£i lÃ  ""hay"" hay ""khÃ´ng hay"" ná»¯a, mÃ  lÃ  Ä‘á»c sÃ¡ch cá»§a anh Ä‘á»ƒ tÃ¬m tháº¥y bÃ¬nh yÃªn, tháº¿ thÃ´i! CÃ³ nhá»¯ng ná»—i cÃ´ Ä‘Æ¡n láº¡i khiáº¿n mÃ¬nh bÃ¬nh yÃªn Ä‘áº¿n nhÆ° váº­y ^^!"
44,"giao hÃ ng nhanh hÆ¡n dá»± kiáº¿n, Ä‘Ã³ng gÃ³i cáº©n tháº­n láº¡i cÃ²n Ä‘Æ°á»£c mÃ£ giáº£m giÃ¡. SÃ¡ch cá»§a Tháº¡ch thÃ¬ khá»i pháº£i bÃ n luáº­n rá»“i, Ä‘Ãºng nhÆ° tá»±a Ä‘á» ""biÃªn niÃªn cÃ´ Ä‘Æ¡n"""
45,"nÃ³i thiá»‡t khÃ¡ tháº¥t vá»ng vá» cháº¥t liá»‡u giáº¥y vÃ  phong chá»¯, giáº¥y nhÃ¡m vÃ  thÃ´, kiá»ƒu nÃ y chá»«ng 1 thá»i gian lÃ  á»‘ lem.nhem. phong chá»¯ kiá»ƒu nhÆ° chuyá»n tá»« tiáº¿ng tÃ u sang tiáº¿ng viá»‡t, kiá»…u lá»—i phong ... chÃ¡n"
46,"Náº¿u thá»±c sá»± tá»«ng yÃªu, tá»«ng ""hÆ°"", báº¡n sáº½ tÃ¬m tháº¥y sá»± Ä‘á»“ng cáº£m trong cuá»‘n sÃ¡ch nÃ y. Náº¿u tÃ¬nh yÃªu cá»§a báº¡n váº«n luÃ´n ""trong sÃ¡ng"" vÃ  xinh Ä‘áº¹p thÃ¬ cÃ³ thá»ƒ khÃ´ng tháº¥y hay láº¯m Ä‘Ã¢u nha."
47,"KhÃ´ng bÃ n tá»›i ná»™i dung sÃ¡ch thÃ¬ cháº¥t lÆ°á»£ng in vÃ  gia cÃ´ng bÃ¬a Ä‘á»u khÃ´ng á»•n, pháº§n bÃ¬a cÃ¡n mÃ ng bá»‹ háº±n sá»c ráº¥t khÃ³ chá»‹u mÃ¬nh mua 2 cuá»‘n Ä‘á»u bá»‹ ,. Tiki giao hÃ ng tá»‰nh nhanh, váº­n chuyá»ƒn ráº»."
48,Giao hÃ ng nhanh BÃ¬a sÃ¡ch bá»‹ tráº§y nhiá»u do khÃ´ng chÃªm miáº¿ng Ä‘á»‡m. Trang á»Ÿ trong thÃ¬ cÃ³ vÃ i tá» bá»‹ lem mÃ u nhÆ° bÃªn dÆ°á»›i.
49,"Chá»‰ muá»‘n cáº£m Æ¡n Nguyá»…n Ngá»c Tháº¡ch ráº¥t nhiá»u. Trong cÃ´ Ä‘Æ¡n em láº¡i gáº·p Ä‘Æ°á»£c má»™t "" BiÃªn niÃªn cÃ´ Ä‘Æ¡n"""
50,"Ná»™i dung sÃ¡ch khÃ¡ hay. NhÆ°ng sÃ¡ch hÆ¡i báº©n (náº¿u nhÃ¬n á»Ÿ ngoÃ i sáº½ rÃµ hÆ¡n áº¥y). CÃ¡c gÃ³c bá»‹ quÄƒn khÃ¡ nhiÃªu. Vá»›i 1 Ä‘iá»u mÃ  tháº¥y khÃ¡ tháº¥t vá»ng nháº¥t lÃ  sÃ¡ch nhá» xÃ­u Ã , máº·c dÃ¹ cÃ³ Ä‘á»c nhiá»u bÃ¬nh luáº­n lÃ  sÃ¡ch nhá», nhÆ°ng khÃ´ng nghÄ© nhá» nhÆ° tháº¿ áº¥y:((((("
51,"SÃ¡ch nhá» Ä‘áº¹p, ná»™i dung hÆ¡i kiá»‡m chá»¯ nhÆ°ng váº«n cuá»‘n hÃºt ngÆ°á»i Ä‘á»c. HÆ¡i buá»“n vÃ¬ tiá»n váº­n chuyá»ƒn báº±ng tiá»n sÃ¡ch."
52,"váº­n chuyá»ƒn hÃ ng siÃªu nhanh áº¡, anh giao hÃ ng cÅ©ng thÃ¢n thiá»‡n. SÃ¡ch bÃ© bÃ© xinh xinh cÆ°ng láº¯m, ná»™i dung thÃº vá»‹ Ä‘á»™c Ä‘Ã¡o, nÃ³i chung lÃ  há»•ng cÃ³ gÃ¬ Ä‘á»ƒ chÃª áº¡"
53,"SÃ¡ch cÆ°ng xá»‰u náº¡! Ä‘ang Ã¡p lá»±c mÃ  nháº­n Ä‘Æ°á»£c sÃ¡ch Ä‘á»c vÃ i trang mÃ  quÃªn háº¿t má»i sá»±, cÆ°á»i rá»›t hÃ m."
54,"SÃ¡ch nhá» gá»n Giao hÃ ng Ä‘Ãºng háº¹n Äá»c Ä‘i Ä‘á»c láº¡i cuá»‘n sÃ¡ch váº«n tháº¥y sá»± táº¥u hÃ i sÃ¢u sáº¯c vÃ  Ä‘Ãºng vá»›i thá»±c táº¿ cuá»™c sá»‘ng Sau vui váº» khÃ´ng quáº¡u lÃ  cÃ³ tá»« Ä‘iá»ƒn tiáº¿ng ""em"""
55,"SÃ¡ch nháº¹ nhÃ ng, dá»… thÆ°Æ¡ng. Äá»c khÃ´ng cáº§n chuáº©n bá»‹ tÃ¢m lÃ½, kiáº¿n thá»©c gÃ¬, cÅ©ng khÃ´ng cáº§n suy nghÄ© gÃ¬ quÃ¡ nhiá»u. ÄÃºng vá»›i Ä‘á»‹nh nghÄ©a tá»« Ä‘iá»ƒn"
56,sÃ¡ch ráº¥t hay. nhÆ°ng ngáº¯n quÃ¡. muá»‘n nhiá»u hÆ¡n ná»¯a ğŸ’œ
57,á»•n
58,"SÃ¡ch dá»… thÆ°Æ¡ng, tiki giao hÃ ng nhanh sÃ¡ng Ä‘áº·t trÆ°a Ä‘Ã£ giao. â¤â¤â¤"
59,Náº¿u nháº­n sÃ¡ch mÃ  bÃ¬a sÃ¡ch sáº¡ch sáº½ thÃ¬ tuyá»‡t vá»i biáº¿t baoğŸ˜¢
60,"TrÆ°a nay Ä‘Æ°á»£c táº­n tay sá» náº¯m cáº£ 2 báº£n cá»©ng vÃ  má»m mÃ  sung sÆ°á»›ng cÆ°á»i cáº£ ngÃ y luÃ´n áº¥y. ^^ SÃ¡ch Ä‘Æ°á»£c in áº¥n tá»‰ mÃ¬ vÃ  cáº©n tháº­n. Ráº¥t hÃ i lÃ²ng vÃ¬ cháº¥t lÆ°á»£ng sÃ¡ch. Chá»‰ tham lam thÃªm, náº¿u táº¥m bÃ¬a quáº£ng cÃ¡o cá»§a báº£n bÃ¬a cá»©ng cÅ©ng cÃ³ cÃ¡c Ä‘oáº¡n thÆ¡ dÃ i nhÆ° báº£n má»m thÃ¬ siÃªu mÃ£n Ã½ luÃ´n (vÃ¬ báº£n má»m lÃ  cá»§a chá»‹ khÃ¡c mua cÃ¹ng rá»“i, cháº³ng láº½ mua thÃªm quyá»ƒn =D )"
61,"Äá»c háº¿t má»™t cuá»‘n sÃ¡ch tÆ°á»Ÿng chá»«ng nhÆ° Ä‘i qua má»™t ná»­a Ä‘á»i ngÆ°á»i, cÃ³ Ä‘á»§ nhá»¯ng cung báº­c cáº£m xÃºc: tÃ² mÃ², há»“i há»™p, xÃºc Ä‘á»™ng, vui buá»“n láº«n lá»™n. NhÆ°ng rá»“i cuá»‘i cÃ¹ng Ä‘Ã³ lÃ  má»™t káº¿t cuá»™c viÃªn mÃ£n. CÃ³ Ä‘oáº¡n mÃ¬nh rÆ¡i nÆ°á»›c máº¯t vÃ¬ cuá»™c Ä‘á»i nhÃ¢n váº­t quÃ¡ Ã©o le, nhá»¯ng oan uá»•ng khÃ´ng lÃ m sao nÃ³i ra Ä‘Æ°á»£c. ChÃ´n kÃ­n trong lÃ²ng thÃ¬ sáº½ sinh ra ngÆ°á»i cÃ³ tÃ­nh Ã¹ lÃ¬, Ä‘Æ¡n giáº£n lÃ  giá»¯ má»™t mÃ¬nh sáº½ tá»‘t hÆ¡n cÃ³ nhiá»u ngÆ°á»i biáº¿t. NÆ°á»›c máº¯t cÅ©ng chá»‰ vÃ¬ mÃ¬nh cÃ³ Ä‘á»§ â€˜tá»«ng tráº£iâ€™ Ä‘á»ƒ hiá»ƒu Ä‘Æ°á»£c cáº£m giÃ¡c áº¥y, Ä‘á»c qua thÃ¬ cÃ³ váº» buá»“n buá»“n thÃ´i, nhÆ°ng táº­n sÃ¢u bÃªn trong áº¥y lÃ  Ä‘Æ°á»ng gá»£n sÃ³ng Ä‘áº­p vÃ o cáº£m xÃºc, buá»“n láº¯m. BÃ¹ láº¡i cÃ¡i buá»“n áº¥y, há» lÃºc nÃ o cÅ©ng cÃ³ yáº¿u tá»‘ giÃºp vÆ°á»£t qua, nhá»¯ng ngÆ°á»i báº¡n, nhá»¯ng thÃ´ng tin vui chÆ°a Ä‘Æ°á»£c tiáº¿t lá»™. Nhá»¯ng con ngÆ°á»i sinh ra bá»‹ sá»‘ pháº­n sáº¯p Ä‘áº·t, ai báº£o ráº±ng chÃ­nh báº£n thÃ¢n lÃ  ngÆ°á»i quyáº¿t Ä‘á»‹nh cuá»™c Ä‘á»i mÃ¬nh, nÃ o cÃ³ pháº£i váº­y. Náº¿u SÃ¢m Ä‘Æ°á»£c Ä‘áº·t Ä‘Ãºng nÆ¡i ruá»™t thá»‹t vÃ  Quyá»n mÃ£i lÃ  con cá»§a gia Ä‘Ã¬nh bÃ¬nh thÆ°á»ng, thÃ¬ háº³n khÃ´ng cÃ³ gÃ¬ Ä‘á»ƒ bÃ n. NhÆ°ng oÃ¡i oÄƒm há» láº¡i Ä‘á»•i vá»‹ trÃ­ cho nhau, mÃ  ngÆ°á»i quyáº¿t Ä‘á»‹nh á»Ÿ Ä‘Ã¢y Ä‘Ã¢u cÃ³ pháº£i lÃ  há», chÃ­nh lÃ  sá»‘ pháº­n an bÃ y. Äá»ƒ rá»“i má»—i ngÆ°á»i pháº£i gá»“ng gÃ¡nh cuá»™c sá»‘ng, gáº·m nháº¯m mÃ¢u thuáº«n vÃ  cáº¯n rá»©t. Sá»‘ pháº­n cÅ©ng Ä‘á»‹nh Ä‘oáº¡t sá»£i dÃ¢y duyÃªn ná»£ cá»§a há», biáº¿t nhau - xa nhau - rá»“i láº¡i vá» bÃªn nhau. Láº§n Ä‘áº§u tiÃªn tÃ¡c giáº£ cÅ©ng cho 1 Ä‘oáº¡n káº¿t cÃ³ háº­u, vÃ¬ nhá»¯ng cuá»‘n trÆ°á»›c chá»‰ toÃ n káº¿t thÃºc buá»“n hoáº·c má»Ÿ ra má»™t suy Ä‘oÃ¡n má»›i. Táº¥t cáº£ cÅ©ng chá»‰ lÃ  cuá»™c Ä‘á»i, mÃ  Ä‘á»i thÃ¬ Ä‘Ã¢u cÃ³ ai Ä‘oÃ¡n trÆ°á»›c Ä‘Æ°á»£c. Cáº¡nh nhá»¯ng cuá»™c Ä‘á»i náº·ng Æ°u tÆ°, cÅ©ng cÃ³ nhiá»u suy nghÄ© vÃ´ tÆ°, trong sÃ¡ng. KhuÃª, má»™t cÃ´ gÃ¡i Ä‘Ã´i mÆ°Æ¡i, máº¡nh máº½ vÃ¬ pháº£i bÆ°Æ¡ng chÃ£i cuá»™c sá»‘ng mÃ  cÃ³ láº½ vÃ¬ quÃ¡ báº­n rá»™n mÆ°u sinh, Ä‘Ã£ khÃ´ng Ä‘á»§ tinh táº¿ trong tÃ¬nh yÃªu, chá»‰ mÃ£i lÃ  cÃ´ bÃ© con nhÆ° ngÃ y nÃ o hay Äƒn hiáº¿p SÃ¢m, khÃ´ng ká»‹p nháº­n ra nhá»¯ng gá»£i Ã½ háº±ng ngÃ y. NhÆ°ng cuá»™c Ä‘á»i vÃ´ tÆ° áº¥y láº¡i giÃºp SÃ¢m thoÃ¡t ra khá»i cuá»™c Ä‘á»i xÃ¹ xÃ¬ cá»§a mÃ¬nh, anh Ä‘Ã³n nháº­n lÃ n giÃ³ má»›i, lÃ n giÃ³ háº¡nh phÃºc tÆ°á»Ÿng chá»«ng vÃ´ giÃ¡ vá»›i anh. CÃ³ láº½ tÃ¡c giáº£ muá»‘n nÃ³i ráº±ng, cuá»™c Ä‘á»i ai rá»“i cÅ©ng sáº½ tá»‘t, quan trá»ng lÃ  mÃ¬nh Ä‘á»‘i xá»­ vá»›i chÃ­nh cuá»™c Ä‘á»i mÃ¬nh ra sao, mÃ¬nh khÃ´ng sáº¯p Ä‘áº·t nÃ³ nhÆ°ng cÃ³ thá»ƒ lÃ m nÃ³ tá»‘t hÆ¡n, á»« thÃ¬ cháº¯c lÃ  váº­yâ€¦"
62,Láº§n Ä‘áº§u Tháº¥t vá»ng tikinow váº­n chuyá»ƒn 2-3h kiá»ƒu gÃ¬ mÃ  Ä‘i háº§u nhÃ¢n viÃªn giao hÃ ng tá»« sÃ¡ng tá»›i táº­n tá»‘i :D láº§n nÃ o gá»i cÅ©ng báº£o báº­n vÃ  táº¯c Ä‘Æ°á»ng LÃ¹i Ä‘á»‹a Ä‘iá»ƒm váº­n chuyá»ƒn tá»« trÆ°á»ng vá» nhÃ  Há»ng háº¿t cáº£ káº¿ hoáº¡ch. Tiki xem láº¡i Dá»‹ch vá»¥ giao hÃ ng cá»§a báº¡n nhÃ¢n viÃªn giao hÃ ng nÃ y nhÃ© :D
63,"ÄÃ³ng gÃ³i cháº¯c cháº¯n, sá»‹n sÃ², truyá»‡n Ä‘á»c ráº¥t thÃº vá»‹, hÃ i hÆ°á»›c nhÆ°ng cÅ©ng Ä‘áº­m tÃ­nh giÃ¡o dá»¥c, lá»i vÄƒn trong tráº»o, nháº¹ nhÃ ng, dá»… Ä‘i vÃ o lÃ²ng ngÆ°á»i"
64,"Tiki giao hÃ ng nhanh: ngÃ y 11.11 ra sÃ¡ch mÃ  ngÃ y 12.11 Ä‘Ã£ giao Ä‘áº¿n tay. Truyá»‡n nÃ y cá»§a chÃº Ãnh lÃ  truyá»‡n 18+, nhÆ°ng váº«n Ä‘Ãºng phong cÃ¡ch cá»§a chÃº. Nhá»¯ng cÃº báº¥t ngá» lÃ m cho Ä‘á»™c giáº£ báº¥t ngá», tÃ© gháº¿ ğŸ˜"
65,"HÆ¡i buá»“n vÃ¬ sÃ¡ch khÃ´ng má»›i 100%. BÃ¬a sÃ¡ch bá»‹ báº©n, vÃ  cÃ³ trang sÃ¡ch bÃªn trong bá»‹ dÃ­nh mÃ u. ÄÃºng ra lÃ  cÅ©ng khÃ´ng cÃ³ gÃ¬, nhÆ°ng vá»›i má»™t ngÆ°á»i yÃªu sÃ¡ch vÃ  hÆ¡i ká»¹ tÃ­nh nhÆ° mÃ¬nh, thÃ¬ láº§n giao sÃ¡ch láº§n nÃ y cá»§a tiki khiáº¿n mÃ¬nh khÃ´ng hÃ i lÃ²ng."
66,"SÃ¡ch á»•n, cÃ³ chá»¯ kÃ½ Ä‘Ãºng nhÆ° Ä‘Ã£ Ä‘áº·t trÆ°á»›c. CÃ³ Ä‘iá»u bá»‹ dÃ­nh keo, pháº£i dÃ¹ng tay tÃ¡ch tá»« tá»« tá»«ng trang"
67,"Ä‘áº·t hÃ ng sá»›m mÃ  bá»¯a nay má»›i giao hÃ ng, cháº¥t lÆ°á»£ng bÃ¬a cá»©ng hÆ¡i sai sai"
68,cuá»‘n sÃ¡ch ráº¥t Ä‘Ã¡ng Ä‘á»“ng tiá»n bÃ¡t gáº¡o má»i ngÆ°á»i Æ¡i. hÆ¡i tiáº¿c vÃ¬ khÃ´ng biáº¿t cÃ³ vá»¥ báº£n chá»¯ kÃ­ cá»§a BÃ¡c Ãnh. nhÆ°ng mÃ  sÃ¡ch hay thá»±c sá»± áº¡. tuyá»‡t vá»i
69,"Äáº·t báº£n cÃ³ chá»¯ kÃ­ trÆ°á»›c 10 ngÃ y, tiki giao hÃ nh Ä‘Ãºng háº¹n, thÆ°á»Ÿng thÃªm quÃ . tuy nhiÃªn trá»« 1* vÃ¬ sÃ¡ch in hÆ¡i áº©u, dÃ­nh keo"
70,"MÃ¬nh Ä‘Ã£ Ä‘á»c nhiá»u cuá»‘n cá»• vÅ© tinh tháº§n kiá»ƒu nÃ y, nhÆ°ng quáº£ thá»±c cuá»‘n nÃ y quÃ¡ cÃ´ Ä‘á»ng, xÃºc tÃ­ch. NÃ³i chung Ä‘Ã¡ng Ä‘á»c cÃ¹ng vá»›i vÃ i cuá»‘n cá»§a VÃ£n TÃ¬nh, LÃ½ Tiá»ƒu Ã, Chu Xung, Má»… MÃ´ng. Tá»± há»i sao nhÃ  vÄƒn tráº» Trung Quá»‘c dáº¡o nÃ y giá»i tháº¿ nhá»‰. Tháº¥u tÃ¬nh Ä‘áº¡t lÃ½ quÃ¡. ChÃºng ta khÃ´ng há»c há»i nhanh lÃ  sá»£ theo khÃ´ng ká»‹p."
71,"SÃ¡ch thÃ¬ khÃ´ng váº¥n Ä‘á» gÃ¬, nhÆ°ng báº£o vá»‡ sÃ¡ch bá»c quÃ¡ há»i há»£t vÃ  cáº©u tháº£. Giá»‘ng nhÆ° láº¥y báº£o vá»‡ sÃ¡ch cá»§a cuá»‘n sÃ¡ch lá»›n hÆ¡n chá»“ng vÃ o vÃ  quÃªn khÃ´ng Ã©p váº­y Ä‘Ã³, bá»c sÃ¡ch chÆ°a Ã©p cáº¡nh vÃ  thá»«a ra cáº£ khÃºc dÃ i. Äá» nghá»‹ Tiki Ä‘á»•i sáº£n pháº©m khÃ¡c bá»c báº£o vá»‡ sÃ¡ch cáº©n tháº­n cho tÃ´i. Cáº£m Æ¡n."
72,"KhÃ´ng giá»¯ ná»•i thanh xuÃ¢n, chÃºng ta váº«n cÃ³ thá»ƒ trá»Ÿ thÃ nh phiÃªn báº£n tá»‘t nháº¥t cá»§a báº£n thÃ¢n. Má»—i chÃºng ta-báº¥t luáº­n lÃ  ai cÅ©ng Ä‘á»u hiá»ƒu ráº±ng: Ã nghÄ©a cá»§a viá»‡c sá»‘ng trÃªn Ä‘á»i khÃ´ng pháº£i chá»‰ lÃ  Ä‘á»ƒ tÃ¬m kiáº¿m tÃ¬nh yÃªu, mÃ  lÃ  tÃ¬m kiáº¿m phiÃªn báº£n tá»‘t nháº¥t cá»§a chÃ­nh mÃ¬nh. NhÆ° váº­y tÃ¬nh yÃªu sáº½ tá»± tÃ¬m Ä‘áº¿n vá»›i chÃºng ta. Cho dÃ¹ cuá»™c sá»‘ng cÃ³ hÃ ng ngÃ n lÃ­ do Ä‘á»ƒ báº¡n khÃ³c lÃ³c, báº¡n cÅ©ng pháº£i tÃ¬m ta hÃ ng váº¡n lÃ­ do Ä‘á»ƒ má»‰m cÆ°á»i. Quyá»ƒn sÃ¡ch giÃºp cÃ¡c báº¡n tráº» thá»©c tá»‰nh trong sá»± lÆ°á»i biáº¿ng, chÃ¡n chÆ°á»ng Ä‘á»ƒ tÃ¬m Ä‘am mÃª, Æ°á»›c mÆ¡ vÃ  ná»• lá»±c hÆ¡n Ä‘á»ƒ Ä‘áº¡t Ä‘Æ°á»£c thÃ nh cÃ´ng."
73,"Vá» ná»™i dung thÃ¬ sÃ¡ch ráº¥t hay, vÄƒn phong lÃ´i cuá»‘n, cÃ³ nhiá»u cÃ¢u chuyá»‡n Ä‘á»ƒ mÃ¬nh suy ngáº«m CÃ²n khÃ´ng hÃ i lÃ²ng vá» viá»‡c sÃ¡ch in bá»‹ lá»—i khÃ¡ nhiá»u nhÆ° bá»‹ má», nhÃ²e chá»¯,... Há»™p Ä‘Ã³ng gÃ³i thÃ¬ lÃºc giao Ä‘áº¿n cÃ²n bá»‹ lÃµm xuá»‘ng rÃµ to hÃªn lÃ  khÃ´ng áº£nh hÆ°á»Ÿng gÃ¬ máº¥y tá»›i sÃ¡ch"
74,"SÃ¡ch pháº£i nÃ³i lÃ  khÃ´ng chÃª vÃ o Ä‘Ã¢u Ä‘Æ°á»£c. Cáº£ vá» ná»™i dung vÃ  hÃ¬nh thá»©c khiáº¿n ai cÅ©ng pháº£i say mÃª, há»©ng thÃº Ä‘á»c mÃ£i mÃª, miá»‡t mÃ i. SÃ¡ch mang tÃ­nh giÃ¡o dá»¥c cao, táº¡o cho ngÆ°á»i Ä‘á»c má»™t nguá»“n Ä‘á»™ng lá»±c trong cuá»™c sá»‘ng.Äá»«ng Ä‘á»c sÃ¡ch nÃ y, náº¿u báº¡n khÃ´ng muá»‘n bá»‹ nghiá»‡n sÃ¡ch nÃ y ğŸ˜‚ğŸ˜‚. HÃ£y nÃªn tráº£i nghiá»‡m cuá»‘n sÃ¡ch nÃ y Ä‘áº£m báº£o sáº½ khÃ´ng bao giá» há»‘i háº­n."
75,"Æ¯u Ä‘iá»ƒm sÃ¡ch: cÃ³ nhá»¯ng bÃ i há»c, cÃ¢u nÃ³i Ä‘Ã¡nh tháº³ng vÃ o váº¥n Ä‘á» vÃ  tÃ¢m lÃ½ chung cá»§a giá»›i tráº», tá»« Ä‘Ã³ chÃºng ta tháº¥y chÃ­nh mÃ¬nh. Nhá»¯ng cÃ¢u nÃ³i, chÃ¢m ngÃ´n sÃ¡ch cÃ´ Ä‘á»ng, sÃºc tÃ­ch, gÃ£y gá»n. NhÆ°á»£c Ä‘iá»ƒm :(( Tuy nhiÃªn, nhá»¯ng bÃ i há»c láº¡i khÃ´ng cÃ³ gÃ¬ gá»i lÃ  quÃ¡ má»›i máº», vá» viá»‡c chÃºng ta cáº§n pháº£i cá»‘ gáº¯ng trong cuá»™c sá»‘ng, tháº¥t báº¡i lÃ  máº¹ thÃ nh cÃ´ng, khÃ´ng gÃ¬ lÃ  quÃ¡ muá»™n, thá»i gian lÃ  vÃ ng báº¡c vÃ¢n vÃ¢n. Cháº¯c háº³n chÃºng ta Ä‘á»u cÃ³ thá»ƒ biáº¿t nhá»¯ng Ä‘iá»u nÃ y, nhÆ°ng Ä‘á»ƒ cÃ³ thá»ƒ táº¡o nÃªn sá»©c áº£nh hÆ°á»Ÿng thay Ä‘á»•i con ngÆ°á»i, thÃ¬ sÃ¡ch chÆ°a lÃ m Ä‘Æ°á»£c. Viá»‡c Ä‘Æ°a ra nhá»¯ng máº©u chuyá»ƒn cÅ©ng á»•n trong viá»‡c táº¡o Ä‘á»™ng lá»±c thay Ä‘á»•i. NhÆ°ng mÃ´ tÃ­p chung nhá»¯ng chuyá»‡n nÃ y cÃ²n hÆ¡i xa vá»i, giá»‘ng nhá»¯ng chuyá»‡n vá» nhá»¯ng ngÆ°á»i tÃ i giá»i vÆ°á»£t khÃ³ mÃ  báº¡n hay tháº¥y trÃªn ti vi Ã¡. Sau má»—i máº«u chuyá»‡n sÃ¡ch sáº½ Ä‘Ãºc káº¿t láº¡i: á»« báº¡n cáº§n cá»‘ lÃªn. Má»™t kiá»ƒu cá»• vÅ© tinh tháº§n cho báº¡n khÃ¡ xÆ°a rá»“i, thiá»‡t váº­y, cá»• tÃ­ch cÅ©ng cÃ³ mÃ . Váº¥n Ä‘á» cá»§a sÃ¡ch, lÃ  sau nhá»¯ng hÃ´ hÃ o kia, sÃ¡ch chÆ°a Ä‘Æ°a ra Ä‘Æ°á»£c nhiá»u nhá»¯ng biá»‡n phÃ¡p cá»¥ thá»ƒ cho báº¡n. TÃ³m láº¡i lÃ , tÆ° duy cá»§a sÃ¡ch Ä‘Ã´i khi hÆ¡i nÃ´ng. Ã kiáº¿n riÃªng báº£n thÃ¡n mÃ¬nh. CÃ¡c báº¡n cÃ³ thá»ƒ tham kháº£o thÃªm qua cÃ¡c nháº­n xÃ©t khÃ¡c Ä‘á»ƒ cÃ³ cÃ¡i nhÃ¬n toÃ n diá»‡n hÆ¡n nhaaaaa"
76,"VÃ¢ng. em vá»«a má»›i nháº­n sÃ¡ch, VÃ  Ä‘Ã¢y lÃ  hiá»‡n tráº¡ng cá»§a há»™p vÃ  sÃ¡ch luÃ´n ğŸ˜€ Máº¥y láº§n trÆ°á»›c cá»© láº§n nÃ o Ä‘áº·t nhiá»u thÃ¬ cÃ³ sÃ¡ch Ä‘Æ°á»£c gÃ³i cáº©n tháº­n hÆ¡n nhÆ°ng Ä‘áº·t 1,2 lÃ  y nhÆ° ráº±ng sÃ¡ch vá» bá»‹ nhÄƒn nhÃ³,gÃ³c sÃ¡ch bá»‹ hÆ°. em cÅ©ng máº¯t nháº¯m máº¯t má»Ÿ bá» qua vÃ¬ cÅ©ng nghÄ© bÃªn tiki pháº£i giao sá»‘ hÃ ng lá»›n cho nhiá»u khÃ¡ch trong Ä‘á»£t giáº£m giÃ¡ vÃ  bÃªn giao hÃ ng váº­n chuyá»ƒn Ä‘i xa cÅ©ng cÃ³ thá»ƒ áº£nh hÆ°á»Ÿng Ä‘Ã´i chÃºt. Thá»±c sá»± em lÃ  1 ká»¹ tÃ­nh trong viá»‡c báº£o quáº£n sÃ¡ch nÃªn hÃ¡o há»©c bao nhiÃªu thÃ¬ khi Ä‘Æ°á»£c giao hÃ ng em cÃ ng bá»±c tá»©c báº¥y nhiÃªu. em khÃ´ng biáº¿t lÃ  do lá»—i bÃªn giao hÃ ng hay sao nhÆ°ng sÃ¡ch bá»‹ nhÆ° tháº¿ nÃ y em khÃ´ng cháº¥p nháº­n ná»•i."
77,"thá»±c sá»± lÃ  lÃºc báº¯t Ä‘áº§u nháº­n cuá»‘n sÃ¡ch nÃ y vÃ  Ä‘á»c thÃ¬ mÃ¬nh tháº¥y há»“i há»™p vÃ  sung sÆ°á»›ng láº¯m. Äáº¿n lÃºc má»Ÿ ra Ä‘á»c tháº¥y ná»™i dung cÅ©ng hay, truyá»n táº£i nhiá»u Ã½ nghÄ©a. Äá»“ng thá»i nhiá»u cÃ¢u chuyá»‡n Ä‘Æ°á»£c lá»“ng ghÃ©p vÃ o Ä‘á»ƒ láº¥y vÃ­ dá»¥. Lá»i vÄƒn, cÃ¢u cÃº cá»§a tÃ¡c giáº£ cÅ©ng Ä‘Æ°á»£c cháº¯t lá»c, gá»t giÅ©a. Äá»c xong mÃ  cÅ©ng muá»‘n sá»‘ng háº¿t mÃ¬nh áº¥y áº¡. nhÆ°ng buá»“n 1 Ä‘iá»u lÃ  nhÃ  xuáº¥t báº£n tháº¿ giá»›i vÃ  in sÃ¡ch chÃ¡n quÃ¡ áº¡. Lá»‡ch khÃ´ng Ä‘á»ƒ Ä‘Ã¢u cho háº¿t !!! :( Háº§u nhÆ° trang nÃ o cÅ©ng lá»‡ch, tuy khÃ´ng Ä‘áº¿n má»©c lá»‡ch Ä‘áº§u nhÆ°ng cÅ©ng Ä‘á»§ gÃ¢y khÃ³ chá»‹u vÃ  lÃ¡c máº¯t. Mong cÃ³ sá»± thay Ä‘á»•i áº¡ ğŸ˜¶â›„"
78,"QuÃ¡ há»‘i háº­n vÃ¬ Ä‘Ã£ mua sÃ¡ch nÃ y. Ná»™i dung quÃ¡ nháº¡t nháº½o, thiáº¿u tÃ­nh há»£p lÃ½, chá»§ yáº¿u lÃ  ká»ƒ chuyá»‡n cÃ¡c cÃ¢u chuyá»‡n cÃ³ ná»™i dung chung chung. VÃ­ dá»¥ á»Ÿ trang 63 tÃ¡c giáº£ ká»ƒ vá» má»™t ngÆ°á»i tráº» tuá»•i Ä‘áº¿n Paris Ä‘i tÃ¬m ngÆ°á»i giÃºp mÃ¬nh thÃ nh cÃ´ng nhÆ°ng khÃ´ng Ä‘Æ°á»£c, anh ta Ä‘Æ°á»£c dáº«n vÃ o Äƒn á»Ÿ khÃ¡ch sáº¡n Hilton vÃ  sau Ä‘Ã³ 20 nÄƒm anh ta trá»Ÿ thÃ nh nhÃ¢n váº­t ná»•i tiáº¿ng? MÃ¬nh khÃ´ng hiá»ƒu chuyá»‡n gÃ¬ Ä‘ang xáº£y ra luÃ´n. MÃ¬nh tháº¥y tiáº¿c thá»i gian mÃ¬nh bá» ra vÃ¬ sÃ¡ch quÃ¡ NHáº¢M, dÃ¹ má»›i Ä‘á»c 60 trang Ä‘áº§u."
79,"MÃ¬nh mua cuá»‘n sÃ¡ch trong giai Ä‘oáº¡n báº£n thÃ¢n máº¥t Ä‘á»‹nh hÆ°á»›ng vá» nghá» nghiá»‡p, tÆ°Æ¡ng lai vÃ  sá»± nghiá»‡p cÃ¡ nhÃ¢n. Äá»c xong, mÃ¬nh trá»Ÿ thÃ nh con ngÆ°á»i khÃ¡c, tháº­t sá»± cáº£m Æ¡n tÃ¡c giáº£ Cáº£nh ThiÃªn, tuy nhiá»u cÃ¢u chuyá»‡n vá»›i lá»i vÄƒn khÃ´ng quÃ¡ máº¡nh máº½, nhÆ°ng Ã½ nghÄ©a vÃ  bÃ i há»c Ä‘Ã£ tÃ¡c Ä‘á»™ng sÃ¢u sáº¯c Ä‘áº¿n tÃ¢m trÃ­ ngÆ°á»i Ä‘á»c Mua sÃ¡ch Tiki thÃ¬ luÃ´n an tÃ¢m vá» cháº¥t lÆ°á»£ng sÃ¡ch, giao hÃ ng cá»±c nhanh, Ä‘Ã³ng gÃ³i cáº©n tháº­n, xá»©ng Ä‘Ã¡ng 5*"
80,"ÄÃ¢y lÃ  láº§n Ä‘áº§u mÃ¬nh mua sÃ¡ch á»Ÿ Tiki mÃ  nháº­n Ä‘Æ°á»£c hÃ ng hÆ¡i tháº¥t vá»ng nhÆ° váº§y, má»Ÿ hÃ ng ra cÃ²n cÃ³ bá»¥i bÃ¡m á»Ÿ bÃ¬a vÃ  pháº§n trang sÃ¡ch. CÃ²n pháº§n bÃ¬a phÃ­a sau láº¡i bá»‹ rÃ¡ch vÃ  khÃ´ng Ä‘Æ°á»£c má»›i nguyÃªn váº¹n. MÃ¬nh luÃ´n mong muá»‘n sÃ¡ch mÃ¬nh Ä‘á»c luÃ´n má»›i nÃªn khi tháº¥y sÃ¡ch má»›i mua vá» tháº¿ nÃ y mÃ¬nh tháº¥y khÃ´ng hÃ i lÃ²ng chÃºt nÃ o!"
81,"nÃ³i chung mÃ¬nh Ä‘á»‹nh Ä‘á»c háº¿t rá»“i tÃ³m táº¯t cho cÃ¡c báº¡n cÆ¡, nhÆ°ng Ä‘á»£t nÃ y mÃ¬nh Ã´n thi, mÃ  tiki cÃ³ treo giáº£i nÃªn mÃ¬nh tÃ³m táº¯t luÃ´n cuá»‘n nÃ y mÃ¬nh Ä‘á»c hÆ¡n 1 ná»­a trá»±c tuyáº¿n rá»“i mua, thÃ¬ mÃ¬nh tháº¥y nÃ³ dáº¡y ta cÃ¡ch hiá»ƒu tÃ¢m sinh lÃ½ ngÆ°á»i báº¡n Ä‘á»i hoáº·c ngÆ°á»i yÃªu cá»§a mÃ¬nh, tÃ¢m lÃ½ thÃ¬ nhiá»u hÆ¡n, nÃ³i 1 sá»‘ cÃ¡ch Ä‘á»ƒ xá»­ lÃ½ tÃ¬nh huá»‘ng, mÃ¬nh cÅ©ng cÃ³ Ä‘á»c cÆ° xá»­ nhÆ° Ä‘Ã n bÃ  hÃ nh Ä‘á»™ng nhÆ° Ä‘Ã n Ã´ng , thuáº­t yÃªu Ä‘Æ°Æ¡ng vÃ  táº¡i sao Ä‘Ã n Ã´ng thÃ­ch tÃ¬nh dá»¥c phá»¥ ná»¯ cáº§n tÃ¬nh yÃªu ná»¯a, nÃ³i chung má»—i cuá»‘n sáº½ cÃ³ 1 phong cÃ¡ch riÃªng, nhÆ°ng cÅ©ng khÃ¡ nhiá»u Ä‘iá»ƒm chung, vÃ¬ Ä‘á»u nÃ³i tÃ¢m lÃ½ Ä‘Ã n Ã´ng vÃ  Ä‘Ã n bÃ  mÃ , Ä‘Ã n Ã´ng Ä‘áº¿n tá»« sao há»a Ä‘Ã n bÃ  Ä‘áº¿n tá»« sao kim thÃ¬ nháº¹ nhÃ ng hÆ¡n suy nghÄ© nhÆ° Ä‘Ã n Ã´ng cÆ° xá»­ nhÆ° Ä‘Ã n bÃ  vÃ  phÃ¢n tÃ­ch sÃ¢u vá» tÃ¢m lÃ½ 2 phÃ¡i hÆ¡n"
82,"Láº§n Ä‘áº§u tiÃªn mÃ¬nh viáº¿t Ä‘Ã¡nh giÃ¡ trÃªn Tiki vÃ  cÅ©ng nhÆ° vá» sÃ¡ch nÃªn cÃ³ thá»ƒ má»i cáº£m nghÄ© cá»§a mÃ¬nh khÃ¡ chá»§ quan. NhÆ°ng chÃ­ Ã­t mÃ¬nh mong nÃ³ sáº½ giÃºp Ä‘Æ°á»£c pháº§n nÃ o Ä‘Ã³ cho tráº£i nghiá»‡m cá»§a báº¡n Ä‘Æ°á»£c tá»‘t hÆ¡n khi mua hÃ ng. Äiá»u Ä‘áº§u tiÃªn lÃ  vá» ngoáº¡i hÃ¬nh cá»§a sáº£n pháº©m mÃ  mÃ¬nh nháº­n Ä‘Æ°á»£c. SÃ¡ch má»›i, chÆ°a cÃ³ náº¿p gáº¥p hay dáº¥u hiá»‡u cá»§a viá»‡c Ä‘Ã£ má»Ÿ ra (qua sá»­ dá»¥ng). Tuy nhiÃªn sÃ¡ch khÃ¡ dÆ¡, pháº§n trÃªn cÃ¹ng bá»‹ dÃ­nh má»™t vÃ i vá»‡t Ä‘en má», trong khÃ´ng Ä‘Æ°á»£c Ä‘áº¹p máº¯t. CÃ¡ch Ä‘Ã³ng quyá»ƒn cá»§a sÃ¡ch khÃ¡ lá»—i, khÃ´ng má»Ÿ máº¡nh tay váº«n bá»‹ bung rá»™ng nÃªn khÃ¡ khÃ³ khÄƒn trong viá»‡c giá»¯ sÃ¡ch má»›i lÃ¢u. Pháº§n nÃ y cháº¯c lÃ  4 sao. Tiáº¿p theo lÃ  vá» cÃ¡ch lÃ m viá»‡c cá»§a Tiki. SÃ¡ch giao Ä‘Ãºng háº¹n, nhÃ¢n viÃªn giao hÃ ng lá»‹ch sá»±, niá»m ná»Ÿ. ÄÃ³ng gÃ³i sÆ¡ sÃ i quÃ¡ khi khÃ´ng cÃ³ bá»c nilong riÃªng cho tá»«ng cuá»‘n hay chÃ¨n giáº¥y Ä‘á»ƒ trÃ¡nh bá»‹ mÃ³p mÃ©o sÃ¡ch. MÃ¬nh Ä‘Ã¡nh giÃ¡ 4 sao cho Tiki. Äiá»u cuá»‘i cÃ¹ng lÃ  vá» ná»™i dung sÃ¡ch. SÃ¡ch hay, nÃ³i ráº¥t chuáº©n sÃ¡t vá» tÃ¢m lÃ­ cá»§a nam vÃ  ná»¯ Ä‘áº¿n má»©c Ä‘Ã´i lÃºc cÃ²n khiáº¿n mÃ¬nh giáº­t mÃ¬nh nhÆ° Ä‘ang nÃ³i vá» mÃ¬nh vÃ  báº¡n trai/báº¡n trai cÅ©. NhÆ°ng giá»ng vÄƒn Ä‘Ã´i chá»— khÃ¡ lan man gÃ¢y máº¥t táº­p trung. SÃ¡ch tháº­t sá»± cÃ³ tÃ¡c dá»¥ng cao trong viá»‡c cáº£i thiá»‡n má»‘i quan há»‡ hÃ´n nhÃ¢n hoáº·c tiá»n hÃ´n nhÃ¢n náº¿u tháº­t sá»± tháº©m tháº¥u vÃ  lÃ m Ä‘Ãºng theo cÃ´ng thá»©c cá»§a sÃ¡ch káº¿t há»£p vá»›i sá»± Ä‘áº·c trÆ°ng riÃªng trong tÃ­nh cÃ¡ch cá»§a ná»¯a kia. Theo mÃ¬nh Ä‘Ã¡nh giÃ¡ thÃ¬ phá»¥ ná»¯ nÃªn Ä‘á»c qua Ã­t nháº¥t 1 láº§n nhá»¯ng cuá»‘n sÃ¡ch thá»ƒ loáº¡i nÃ y nÃ³i chung vÃ  cÃ¡ nhÃ¢n cuá»‘n sÃ¡ch â€œÄÃ n Ã´ng sao Hoáº£, Ä‘Ã n bÃ  sao Kimâ€ nÃ³i riÃªng. KhÃ´ng chá»‰ giÃºp cáº£i thiá»‡n má»‘i quan há»‡, cÃ²n lÃ­ giáº£i Ä‘Æ°á»£c ráº¥t nhiá»u váº¥n Ä‘á» vá» tÃ¢m lÃ½ giá»›i tÃ­nh mÃ  báº£n thÃ¢n báº¡n Ã­t nháº¥t tá»«ng tá»± há»i mÃ¬nh 1 láº§n trong Ä‘á»i, giáº£m thiá»ƒu má»™t pháº§n nhá»¯ng mÃ¢u thuáº«n khÃ´ng Ä‘Ã¡ng cÃ³ trong tÃ¬nh cáº£m. VÃ  Ä‘áº·c biá»‡t lÃ  khiáº¿n báº£n thÃ¢n bá»›t lo láº¯ng vÃ  táº­n hÆ°á»Ÿng Ä‘Æ°á»£c háº¡nh phÃºc trong tÃ¬nh yÃªu má»™t cÃ¡ch trá»n váº¹n hÆ¡n. Vá» pháº§n nÃ y, mÃ¬nh xin Ä‘Ã¡nh giÃ¡ 5 sao cho ná»™i dung khÃ¡ hoÃ n thiá»‡n cá»§a tÃ¡c giáº£."
83,"MÃ¬nh Ä‘Ã£ nghe cÃ¡i tÃªn ÄÃ n Ã´ng sao Há»a Ä‘Ã n bÃ  sao Kim tá»« ráº¥t lÃ¢u. HÃ´m rá»“i tháº¥y cÃ³ cÃ¡i bÃ¬a má»›i nÃ y háº¥p dáº«n quÃ¡ Ä‘áº·t mua luÃ´n. CÃ´ng nháº­n nhá»¯ng Ä‘iá»u gÃ¬ohn Gray nÃ³i ráº¥t lÃ½ trÃ­. Viá»‡c hiá»ƒu nhau sáº½ giÃºp cÃ¡c cáº·p vá»£ chá»“ng yÃªu thÆ°Æ¡ng, thÃ´ng cáº£m vÃ  chia sáº» cho nhau nhiá»u hÆ¡n. Cháº¯c mÃ¬nh mua Ä‘Æ°á»£c sÃ¡ch má»›i tÃ¡i báº£n hay sao Ã¡, khÃ´ng tháº¥y cÃ³ lá»—i chÃ­nh táº£ nhÆ° nháº­n xÃ©t cá»§a má»™t sá»‘ báº¡n khÃ¡c."
84,"MÃ¬nh khÃ´ng thá»ƒ Ä‘Ã¡nh giÃ¡ sao tháº¥p vÃ¬ ná»™i dung cá»§a cuá»‘n sÃ¡ch ráº¥t hay, mÃ  Ä‘á»™c giáº£ háº§u háº¿t nhÃ¬n vÃ o sá»‘ sao Ä‘á»ƒ cháº¥m ráº±ng sÃ¡ch hay hay khÃ´ng, nhÆ°ng khÃ´ng vÃ¬ váº­y mÃ  mÃ¬nh khÃ´ng trá»« 2 sao cho viá»‡c Tiki Ä‘Ã£ giao 1 quyá»ƒn sÃ¡ch bá»‹ ""cÅ©"" nhÆ° váº­y (tuy ráº±ng mÃ¬nh khÃ´ng hay chÃº Ã½ Ä‘áº¿n bÃ¬a sÃ¡ch láº¯m, nhÆ°ng lá»—i nÃ y nhÃ¬n vÃ o lÃ  tháº¥y liá»n, khÃ´ng thá»ƒ khÃ´ng nÃ³i Ä‘Æ°á»£c) MÃ¬nh vá»«a Ä‘á»c Ä‘áº¿n 30 trang Ä‘áº§u, vÃ  á»Ÿ trang 26 bá»‹ láº·p chá»¯ ""má»‘i quan quan há»‡"", gÃ³p Ã½ cho nhÃ  xuáº¥t báº£n giÃºp mÃ¬nh Ä‘á»ƒ láº§n tÃ¡i báº£n sau nhá»¯ng lá»—i váº·t nhÆ° váº­y khÃ´ng xáº£y ra ná»¯a, xin cáº£m Æ¡n â¤"
85,"Tuyá»‡t vá»i cho ngÆ°á»i nhÆ° mÃ¬nh. Muá»‘n hiá»ƒu vá» tÃ¢m lÃ½ khÃ´ng chá»‰ Ä‘Æ¡n thuáº§n cá»§a riÃªng Ä‘Ã n Ã´ng Ä‘á»ƒ cua trai hay gÃ¬ kkkk, mÃ  mÃ¬nh muá»‘n hiá»ƒu hÆ¡n cáº£ vá» giá»›i mÃ¬nh Ä‘á»ƒ cÃ³ cÃ¡ch á»©ng xá»­, giao tiáº¿p theo hÆ°á»›ng tá»‘t hÆ¡n, hoÃ n thiá»‡n hÆ¡n vá»›i cáº£ 2 phÃ¡i thÃ¬ Ä‘Ã¢y lÃ  quyá»ƒn sÃ¡ch thá»±c sá»± giÃºp mÃ¬nh ráº¥t nhiá»u."
86,"Tiki lÃ m mÃ¬nh tháº­t sá»± khÃ´ng hÃ i lÃ²ng cho Ä‘á»£t giao sÃ¡ch nÃ y, thÆ°á»ng thÃ¬ cÃ¡c lá»—i vá» mÃ©p sÃ¡ch thÃ¬ mÃ¬nh thÆ°á»ng bá» qua chá»© vá» lá»—i in trÃ¹ng nÃ´i dung thiáº¿u trang thÃ¬ khÃ´ng thá»ƒ bá» qua Ä‘Æ°á»£c, hy vá»ng bÃªn Tiki cÃ³ cÃ¡ch Ä‘á»ƒ giáº£i quyáº¿t váº¥n Ä‘á» nÃ y giÃºp mÃ¬nh, mÃ¬nh xin cáº£m Æ¡n"
87,"MÃ¬nh trÆ°á»›c giá» mua sÃ¡ch chá»‰ vÃ i láº§n trÃªn tiki, nhÆ°ng láº¡i ráº¥t may máº¯n khi chÆ°a bao giá» mÃ¬nh nháº­n cuá»‘n sÃ¡ch nÃ o bá»‹ mÃ³p mÃ©o cáº£. Giao hÃ ng láº¡i Ä‘Ãºng thá»i gian, cÃ³ khi giao nhanh hÆ¡n. Tuy chá»‰ má»›i Ä‘á»c Ä‘Æ°á»£c 2 chÆ°Æ¡ng Ä‘áº§u khi vá»«a Ä‘áº­p há»™p Ãªm ngÃ y hÃ´m qua. NhÆ°ng láº¡i bá»‹ cuá»‘n hÃºt áº»m tá»« sá»± thá»±c táº¿ cá»§a giÃ¡ trá»‹ cuá»‘n sÃ¡ch mang láº¡i. Má»™t quyá»ƒn sÃ¡ch Ä‘Ã¡ng Ä‘á»ƒ dÃ nh thá»i gian Ä‘á»c, Ä‘á»ƒ tÃ¬m kiáº¿m láº¡i Ä‘Ãºng giÃ¡ trá»‹ cá»§a báº£n thÃ¢n vÃ  xÃ¢y dá»±ng cho cÃ¡c má»‘i quan há»‡ xung quanh trá»Ÿ nÃªn tá»‘t Ä‘áº¹p hÆ¡n. cáº£m Æ¡n tiki ráº¥t nhiá»u nhÃ©."
88,"LuÃ´n tin tÆ°á»Ÿng vÃ  chá»n mua sÃ¡ch qua Tiki nhÆ°ng láº§n nÃ y cháº¥t lÆ°á»£ng sáº£n pháº©m khÃ´ng nhÆ° mÃ¬nh mong Ä‘á»£i. Náº¿u nhÆ° sÃ¡ch bá»‹ lá»—i do má»±c in, ná»™i dung... thÃ¬ Ä‘Ã³ khÃ´ng pháº£i do Tiki, hoáº·c lá»—i á»Ÿ cÃ¡c trang bÃªn trong khÃ³ tháº¥y thÃ¬ cÃ³ thá»ƒ bá» qua, nhÆ°ng bÃ¬a sÃ¡ch (cÃ¡i cÃ³ thá»ƒ dá»… dÃ ng nhÃ¬n tháº¥y Ä‘Æ°á»£c) bá»‹ lá»—i mÃ  Tiki váº«n quyáº¿t Ä‘á»‹nh giao má»™t sáº£n pháº©m nhÆ° tháº¿ cho khÃ¡ch hÃ ng thÃ¬ tháº­t Ä‘Ã¡ng tháº¥t vá»ng."
89,"Ai chÆ°a láº­p gia Ä‘Ã¬nh hay Ä‘Ã£ láº­p gia Ä‘Ã¬nh hay nhÆ° tÃ´i Ä‘ang trong tÃ¬nh tráº¡ng tá»“i tá»‡ cá»§a hÃ´n nhÃ¢n hay lÃ  nhá»¯ng ngÆ°á»i Ä‘Ã£ li hÃ´n thÃ¬ cÅ©ng nÃªn Ä‘á»c quyá»ƒn sÃ¡ch nÃ y. Hiá»ƒu mÃ¬nh hiá»ƒu báº¡n Ä‘á»i, trÄƒm tráº­n trÄƒm tháº¯ng. Äá»«ng Ä‘á»ƒ Ä‘áº¿n khi quÃ¡ muá»™n má»›i thay Ä‘á»•i. ChÃºc báº¡n háº¡nh phÃºc!"
90,Äáº·t hÃ ng tá»‘i thá»© 5 thá»© 7 Ä‘Ã£ Ä‘Ã³. Váº«n thÃ­ch tiki nháº¥t khoáº£ng nÃ y giao hÃ ng siÃªu nhanh vÃ¬ hÃ ng á»Ÿ kho tiki. MÃ¡y mua tá»« 2019 Ä‘Æ°á»£c bao hÃ nh 7 nÄƒm vÃ  1 Ä‘á»•i 1 trong 1 nÄƒm náº¿u lá»—i nhÃ  sáº£n xuáº¥t. Máº·c Ä‘á»‹nh lÃ  tiáº¿ng anh nÃªn cÃ¡c báº¡n hÃ£y Ä‘á»•i vá» Tiáº¿ng Viá»‡t. MÃ¡y xá»­ lÃ­ ráº¥t nhanh. CÃ³ Ä‘iá»u tiki bá» vÃ o há»™p bá»± gáº¥p 5-7 láº§n há»™p mÃ¡y tÃ­nh nÃªn khi di chuyá»ƒn há»™p sáº½ cháº¡y luÃ´ng tung. khi khui há»™p cÃ³ phiáº¿u báº£o hÃ nh nhÆ°ng khÃ´ng cÃ³ ghi gÃ¬ háº¿t váº­y báº£o hÃ nh báº±ng cÃ¡ch nÃ o?. Náº¯p mÃ¡y tÃ­nh tráº§y xÆ°á»›c ráº¥t nhiá»u. Cáº£m tháº¥y tháº¥t vá»ng vá» tiki qua 2 láº§n Ä‘áº·t hÃ ng gáº§n nháº¥t.
91,"MÃ¬nh Ä‘áº·t mua vÃ o Ä‘Ãºng thá»i Ä‘iá»ƒm giáº£m giÃ¡ máº¡nh, hÆ¡n ná»¯a lÃ  láº§n Ä‘áº§u Ä‘áº·t trÃªn TiKi nÃªn Ä‘Æ°á»£c giáº£m sÃ¢u hÆ¡n, tá»›i 28%. Báº¡n mÃ¬nh thÆ°á»ng mua vá»›i giÃ¡ trÃªn 500, nhÆ°ng mÃ¬nh mua Ä‘Æ°á»£c giÃ¡ khÃ¡ há»i, 468k. HÃ ng váº­n chuyá»ƒn nhanh, thÃ´ng bÃ¡o Thá»© 6 váº­n chuyá»ƒn tá»›i mÃ  sÃ¡ng Thá»© 5 Ä‘Ã£ xuáº¥t hiá»‡n, ráº¥t hÃ i lÃ²ng vá» tá»‘c Ä‘á»™ váº­n chuyá»ƒn. Tuy nhiÃªn, sáº£n pháº©m khi má»Ÿ ra pháº§n tem bá»‹ xÆ°á»›c, máº·t á»‘p lÆ°ng cÃ³ chÃºt váº¿t cháº§y. BÃªn cáº¡nh Ä‘Ã³, á»©ng dá»¥ng Tiki á»©ng dá»¥ng Ä‘Ã´i khi cÃ²n bá»‹ lÃ , nÃªn cáº£i thiá»‡n!"
92,"Em lÃ  há»c sinh 12 nÃªn muá»‘n cÃ³ cho mÃ¬nh 1 chiáº¿c 580Viá»‡t Namplus, tiki giao hÃ ng ráº¥t nhanh ngÃ y hÃ´m sau Ä‘Ã£ cÃ³. MÃ¡y cÃ³ Ä‘á»§ bao bÃ¬ tháº» báº£o hÃ nh vÃ  hoÃ n toÃ n má»›i khÃ´ng cÃ³ 1 váº¿t sÆ°á»›t chá»‰ Ä‘Ã¡ng tiáº¿c lÃ  pháº§n phÃ­m ON cá»§a máº¥t bá»‹ lá»n, thá»¥t hÆ¡i sÃ¢u, muá»‘n khá»Ÿi Ä‘á»™ng mÃ¡y cáº§n nháº¥n máº¡nh chá»© khÃ´ng nhÆ° nhá»¯ng phÃ­m khÃ¡c. DÃ¹ sao cÅ©ng ráº¥t hÃ i lÃ²ng vá»›i sáº£n pháº©m mÃ  tiki cung cáº¥p"
93,"MÃ¡y chÃ­nh hÃ£ng Casio, phÃ¢n phá»‘i bá»Ÿi Bitex. Mua trÃªn tiki ráº» hÆ¡n ngoÃ i nhÃ  sÃ¡ch khoáº£ng 100k. KÃ­ch hoáº¡t báº£o hÃ nh Ä‘iá»‡n tá»­ báº±ng cÃ¡ch táº£i á»©ng dá»¥ng Bitexmobile ==> quÃ©t mÃ£ mÃ£ váº¡ch trÃªn tem báº£o hÃ nh dÃ¡n sau lÆ°ng mÃ¡y. NÃªn mua hÃ ng phÃ¢n phá»‘i bá»Ÿi TIKI  Ä‘á»ƒ an tÃ¢m vÃ  giao hÃ ng nhanh hÆ¡n. MÃ¬nh Ä‘áº·t khuya thá»© 7, sÃ¡ng thá»© 2 Ä‘áº§u tuáº§n lÃ  Ä‘Ã£ nháº­n Ä‘Æ°á»£c hÃ ng."
94,"Tem chá»‘ng hÃ ng giáº£ á»•n, kÃ­ch hoáº¡t báº£o hÃ nh báº±ng mÃ£ váº¡ch Ä‘Æ°á»£c, dÃ¹ng á»•n máº·c dÃ¹ cÃ³ má»™t vÃ i thay Ä‘á»•i nhá» vÃ¬ mÃ¬nh Ä‘á»•i tá»« mÃ¡y fx-570ES sang (do Ä‘á»i 570ES chá»‰ phÃ¹ há»£p vá»›i lá»›p 11 trá»Ÿ xuá»‘ng), Ä‘Ã´i khi váº«n pháº£i Ä‘á»•i Ä‘i Ä‘á»•i láº¡i giá»¯a tiáº¿ng Anh vá»›i tiáº¿ng Viá»‡t vÃ¬ má»™t sá»‘ tá»« tiáº¿ng Viá»‡t viáº¿t táº¯t hÆ¡i khÃ³ hiá»ƒu. (Máº·c dÃ¹ biáº¿t lÃ  sáº£n xuáº¥t tá»« Trung Quá»‘c hay sáº£n xuáº¥t tá»« ThÃ¡i Lan thÃ¬ cÅ©ng nhÆ° nhau nhÆ°ng nhÃ¬n sáº£n xuáº¥t tá»« ThÃ¡i Lan sang hÆ¡n háº³n :v)"
95,"ÄÃ¢y lÃ  dÃ²ng mÃ¡y tÃ­nh má»›i nháº¥t cá»§a Casio cho thá»‹ trÆ°á»ng Viá»‡t Nam Ä‘Æ°á»£c mang vÃ o phÃ²ng thi tráº¯c nghiá»‡m trung há»c phá»• thÃ´ng quá»‘c gia. MÃ n hÃ¬nh cÃ³ Ä‘á»™ phÃ¢n giáº£i cao, Ä‘Æ°á»£c Viá»‡t hÃ³a cÃ¡c chá»©c nÄƒng, mÃ¬nh Ä‘Ã£ thá»­ vÃ  tháº¥y kháº£ nÄƒng tÃ­nh toÃ¡n ráº¥t nhanh, cÃ¡c phÃ©p tÃ­nh tÃ­ch phÃ¢n, vi phÃ¢n hÃ m siÃªu viá»‡t, lÆ°á»£ng giÃ¡c,... Ä‘á»u nhanh hÆ¡n tháº¿ há»‡ cÅ© Ä‘Ã¡ng ká»ƒ. Cháº¿ Ä‘á»™ báº£ng sá»‘ Ä‘Æ°á»£c cáº­p nháº­t nhiá»u káº¿t quáº£ hÆ¡n nÃªn viá»‡c tÃ¬m lá»›n nháº¥t, nhá» nháº¥t dá»… dÃ ng hÆ¡n dÃ²ng cÅ© ráº¥t nhiá»u. NhÃ¬n trÃªn áº£nh thÃ¬ cÃ³ váº» hoÃ n thiá»‡n hÆ¡i thÃ´, nhÆ°ng thá»±c táº¿ 4 nÃºt Ä‘iá»u hÆ°á»›ng kim loáº¡i lÃ m khÃ¡ xá»‹n. Vá» tráº¯ng cÅ©ng Ä‘áº¹p ná»¯a. NhÆ°ng cÃ³ Ä‘iá»u Tiki nÃªn táº·ng kÃ¨m name nhÃ£n dÃ¡n Ä‘á»ƒ dÃ¡n tÃªn thÃ¬ hÆ¡n, chá»© táº·ng máº¥y quyá»ƒn vá»Ÿ Ã´ ly mÃ¬nh cÅ©ng cháº£ dÃ¹ng. Tem chÃ­nh hÃ£ng vÃ  nhÃ£n mÃ¡c Ä‘áº§y Ä‘á»§. Thá»© duy nháº¥t chÆ°a hÃ i lÃ²ng lÃ  giao hÃ ng quÃ¡ cháº­m! MÃ¬nh á»Ÿ HÃ  Ná»™i mÃ  máº¥t tá»›i 5 hÃ´m má»›i nháº­n Ä‘Æ°á»£c hÃ ng. KhÃ´ng hÃ i lÃ²ng khoáº£n giao hÃ ng cá»§a Tiki chÃºt nÃ o."
96,"Báº¡n nÃ o cÃ³ dá»± Ä‘á»‹nh thÃ¬ nÃªn mua sá»›m dÃ¹ng cho quen nhÃ©, Ä‘á»ƒ khÃ´ng vÃ o thi quá»‘c gia láº¡i bá»¡ ngá»¡. Háº³n cÃ²n Ä‘Æ°á»£c Æ°u Ä‘Ã£i giáº£m cÃ²n 565.000Viá»‡t NamÄ‘ (táº·ng kÃ¨m bá»™ lá»‹ch Ä‘á»ƒ bÃ n siÃªu cÆ°ng). GÃ³i kÄ© nhÆ° váº­y Ã¡, há»•ng biáº¿t vÃ i báº¡n vÃ¬ sao bá»‹ xÆ°á»›c vá» mÃ¡y chá»© mÃ¬nh Ãªm nhu =)). *Xá»‹nn láº¯m má»i ngÆ°á»i, thÃªm anh nhÃ¢n viÃªn giao hÃ ng dá»… thÆ°Æ¡ng. Vá» Ã½ kiáº¿n cá»§a mÃ¬nh thÃ¬ ráº¥t hÃ i lÃ²ng."
97,"mua vá» cho con cÆ°ng lÃªn lá»›p 12 sá»­ dá»¥ng hÆ¡n tuáº§n nay con cÆ°ng sá»­ dá»¥ng ráº¥t Æ°ng Ã½ Ä‘á»§ táº¥t cáº£ phÃ©p tÃ­nh cho nhu cáº§u há»c táº­p, riÃªng tÃ´i ráº¥t hÃ i lÃ²ng vÃ¬ Ä‘Ã³ng gÃ³i ká»· cÃ³ tem chÃ­nh hÃ£ng Bitex casio kÃ¨m phiáº¿u báº£o hÃ nh 5 nÄƒm, nhÃ¢n viÃªn giao nháº­n lá»‹ch sá»± dá»ƒ thÆ°á»ng cho xem hÃ ng trÆ°á»›c khi tráº£ tiá»n, cáº£m Æ¡n táº¥t cáº£ vÃ  giao hÃ ng nhanh ká»‹p cho con cÆ°ng lÃ m bÃ i kiá»ƒm tra há»c ká»³ , 5 sao nÃ³i há»™ thÃªm cho tÃ´i"
98,"MÃ¬nh nháº­n Ä‘Æ°á»£c nÃ³ vÃ o khoáº£ng thá»© 3 tuáº§n trÆ°á»›c vÃ  cáº£m tháº¥y ráº¥t hÃ i lÃ²ng, Ä‘Ã£ thá»­ speedkiá»ƒm tra vá»›i FX-570Viá»‡t Nam vÃ  nháº­n Ä‘Æ°á»£c káº¿t quáº£ nhanh cá»±c ká»³. MÃ¡y tÃ­nh toÃ¡n nhá»¯ng bÃ i phá»©c táº¡p ráº¥t nhanh vÃ  chÃ­nh xÃ¡c giÃºp mÃ¬nh tÄƒng tá»‘c thá»i gian trong giá» kiá»ƒm tra. CÃ³ nhiá»u chá»©c nÄƒng mÃ  nhá»¯ng loáº¡i mÃ¡y khÃ¡c khÃ´ng cÃ³. Tiki dá»± kiáº¿n giao vÃ o thá»© 5-6 mÃ  má»›i thá»© 3 Ä‘Ã£ giao rá»“i. Sáº£n pháº©m ráº¥t cháº¥t lÆ°á»£ng. Cáº£m Æ¡n Tiki."
99,"Em nÃ y bÃªn ngoÃ i nhÃ¬n sang cháº£nh vÃ  xá»‹n xÃ² hÆ¡n trong áº£nh nhiá»u luÃ´n nhaa ğŸ˜ cÃ³ Ä‘iá»u náº¯p báº±ng nhá»±a cá»©ng (mÃ¬nh nghÄ© váº­y :3) vÃ  cÃ²n mÃ u tráº¯ng thÃ¬ mÃ¬nh sá»£ sáº½ dá»… dÆ¡ vÃ  Ä‘á»™ bá»n khÃ´ng cao :3 khÃ´ng biáº¿t do tay mÃ¬nh hay do mÃ¡y má»›i mÃ  bÃ n phÃ­m hÆ¡i rÃ­t, thÃ¢n mÃ¡y thuÃ´n nÃªn lÃºc cáº§m mÃ¡y khÃ´ng cÃ³ náº¯p thÃ¬ cháº¯c tay hÆ¡n dÃ²ng ES plus vá»›i Viá»‡t Nam plus :3 má»›i bÃ³c ra Ä‘Ã£ tháº¥y tem chá»‘ng hÃ ng giáº£ bá»‹ xÆ°á»›c, cÅ©ng khÃ´ng nhiá»u (nhÆ° áº£nh) mÃ¬nh nghÄ© lÃ  do bÃªn nhÃ  sáº£n xuáº¥t, cÃ²n vá» tÃ­nh toÃ¡n thÃ¬ mÃ¬nh chÆ°a kiá»ƒm tra nÃªn khÃ´ng biáº¿t nhÆ° nÃ o nÃ³i chung theo mÃ¬nh thÃ¬ em nÃ y sang xá»‹n má»‹n nÃªn rÆ°á»›c vá» dÃ¹ng thá»­ nhaa~"
